价格,面积,编号,户型,楼层,位置1,位置2,小区,地铁
6830,44,23889-A,1室1卫,3/6层,西城区,积水潭,新明胡同,"地铁：距2号线,19号线积水潭站1300米"
1550,10,24492-C,3室1卫,2/5层,顺义区,石门,西辛北区,地铁：距15号线石门站1100米
3130,9,22783-A,2室1卫,5/5层,朝阳区,芍药居,芍药居甲2号院,"地铁：距10号线,13号线芍药居站500米"
1320,9,33156-B,3室1卫,11/17层,房山区,良乡大学城西,紫汇家园,地铁：距房山线良乡大学城西站550米
2080,13,34663-B,5室1卫,3/4层,大兴区,旧宫,宣颐家园,地铁：距亦庄线旧宫站850米
2070,12,40378-B,4室1卫,5/6层,朝阳区,双桥,建东苑,地铁：距八通线双桥站950米
1350,15,43694-C,5室3卫,5/6层,房山区,苏庄,蓝光星华海悦城,地铁：距房山线苏庄站650米
1390,15,43694-E,5室3卫,5/6层,房山区,苏庄,蓝光星华海悦城,地铁：距房山线苏庄站650米
2510,12,48230-C,3室1卫,1/6层,朝阳区,黄渠,常营民族家园三期,地铁：距6号线黄渠站200米
2260,14,57364-C,4室1卫,3/13层,大兴区,亦庄桥,莱茵河畔,地铁：距亦庄线亦庄桥站800米
2560,15,6211-C,6室1卫,3/11层,丰台区,石榴庄,彩虹城三区,地铁：距10号线石榴庄站950米
2610,10,7677-A,2室1卫,9/18层,朝阳区,褡裢坡,泰福苑一区,地铁：距6号线褡裢坡站500米
2770,13,75797-B,5室1卫,25/33层,朝阳区,四惠,都会华庭,"地铁：距1号线,八通线四惠站750米"
2860,9,61702-B,2室1卫,3/5层,朝阳区,双井,垂杨柳北里,"地铁：距7号线,10号线双井站400米"
1550,10,119112-B,3室1卫,7/11层,通州区,土桥,欣桥家园,地铁：距八通线土桥站1150米
1660,13,124121-A,3室1卫,4/6层,通州区,梨园,艺苑西里,地铁：距八通线梨园站1200米
1460,9,125255-B,4室1卫,16/20层,房山区,长阳,长阳国际城,地铁：距房山线长阳站800米
2040,16,132338-A,2室1卫,4/5层,大兴区,黄村西大街,黄村西里,地铁：距4号线大兴线黄村西大街站500米
2100,9,137664-B,2室1卫,3/5层,石景山区,古城,古城特钢楼,地铁：距1号线古城站1150米
2620,14,1251-C,3室1卫,26/26层,朝阳区,高碑店,金隅汇星苑,地铁：距6号线青年路站1450米
4540,64,142611-A,2室1卫,1/6层,通州区,北运河西,上园200号院,地铁：距6号线北运河西站550米
1660,8,143115-A,2室1卫,7/14层,通州区,通州北关,东潞苑,地铁：距6号线通州北关站2350米
1640,12,146139-C,3室1卫,5/6层,通州区,物资学院路,永顺西里,地铁：距6号线物资学院路站1150米
2000,7,1827-B,4室1卫,4/17层,朝阳区,高碑店,金隅汇星苑,地铁：距6号线青年路站1450米
3030,17,19104-B,2室1卫,5/5层,东城区,天坛东门,天坛东里中区,地铁：距5号线天坛东门站700米
2180,12,30301-A,3室1卫,6/7层,朝阳区,高碑店,南太平庄北巷,地铁：距八通线高碑店站1100米
2290,12,268-C,7室4卫,5/6层,昌平区,天通苑南,天通苑四区,地铁：距5号线天通苑南站1050米
2240,10,32730-C,4室1卫,22/28层,朝阳区,小红门,鸿博家园二期D区,地铁：距亦庄线小红门站450米
3040,14,32972-B,2室1卫,4/5层,朝阳区,四惠,百子湾3号楼,"地铁：距6号线,17号线东大桥站4150米"
3010,8,3710-B,3室1卫,15/21层,朝阳区,安立路,慧忠北里,地铁：距15号线安立路站250米
3540,19,43256-D,4室1卫,15/24层,朝阳区,双井,广渠门外大街6号院,"地铁：距7号线,10号线双井站300米"
2380,12,48159-A,3室1卫,22/22层,海淀区,五棵松,西翠芳庭,地铁：距1号线五棵松站1750米
2120,11,4720-C,3室1卫,3/6层,朝阳区,孙河,康营小区,地铁：距15号线孙河站1000米
2360,11,4891-C,3室1卫,10/18层,朝阳区,星火,姚家园东里8号院,"地铁：距3号线,20号线星火站800米"
2710,9,71996-A,2室1卫,5/6层,海淀区,海淀五路居,永金里小区,地铁：距6号线海淀五路居站1300米
2800,18,75765-A,3室1卫,4/6层,石景山区,八宝山,鲁谷74号院,地铁：距1号线八宝山站800米
2270,15,8048-C,3室1卫,4/6层,朝阳区,常营,连心园西区,地铁：距6号线常营站800米
2040,6,8085-A,4室1卫,1/17层,朝阳区,立水桥南,溪城家园一号院,地铁：距5号线立水桥南站1100米
2280,9,8085-B,4室1卫,1/17层,朝阳区,立水桥南,溪城家园一号院,地铁：距5号线立水桥南站1100米
1910,9,8010-A,4室1卫,1/18层,通州区,次渠南,次渠锦园北区,地铁：距亦庄线次渠南站350米
2630,11,9085-C,3室1卫,8/16层,丰台区,公益西桥,枫竹苑二区,地铁：距4号线大兴线公益西桥站350米
1620,8,130872-B,2室1卫,3/6层,通州区,北运河西,玉桥北里,地铁：距6号线北运河西站1250米
3480,16,136082-B,2室1卫,4/6层,朝阳区,红庙,延静里中街,"地铁：距6号线,14号线东段金台路站800米"
2380,8,141783-C,4室1卫,6/30层,朝阳区,十里堡,晨光家园,地铁：距6号线十里堡站550米
8620,84,148526-A,2室1卫,12/28层,朝阳区,百子湾,石门新居,地铁：距7号线百子湾站250米
1430,10,18037-A,3室1卫,6/24层,房山区,良乡大学城,首创紫悦台,地铁：距房山线良乡大学城站550米
1590,8,20030-B,3室1卫,8/22层,通州区,万盛西,大方居,地铁：距7号线万盛西站1350米
2480,16,23548-A,3室1卫,5/5层,朝阳区,黄渠,常营民族家园三期,地铁：距6号线黄渠站200米
1500,11,26998-A,3室1卫,6/6层,通州区,通州北关,潞苑嘉园,地铁：距6号线通州北关站2050米
1890,15,32226-B,4室1卫,3/6层,顺义区,俸伯,裕龙六区,地铁：距15号线俸伯站1650米
2060,10,49155-B,2室1卫,6/16层,石景山区,金安桥,模式口西里,"地铁：距1号线,6号线苹果园站2200米"
5690,54,48463-A,1室1卫,8/18层,丰台区,宋家庄,政馨园一区,"地铁：距5号线,10号线,亦庄线宋家庄站400米"
1990,9,54226-A,3室1卫,5/6层,石景山区,古城,首钢古城西路,地铁：距1号线古城站950米
2210,12,58034-A,4室1卫,1/6层,大兴区,亦庄文化园,新康家园,地铁：距亦庄线亦庄文化园站750米
1630,8,68067-E,6室2卫,22/27层,大兴区,天宫院,保利春天里一区,地铁：距4号线大兴线天宫院站250米
2990,13,78947-A,3室1卫,4/18层,海淀区,永泰庄,海清园,地铁：距8号线永泰庄站1200米
3070,15,8147-A,3室1卫,22/23层,朝阳区,立水桥,北京北,"地铁：距13号线,5号线立水桥站500米"
2060,12,8010-D,4室1卫,1/18层,通州区,次渠南,次渠锦园北区,地铁：距亦庄线次渠南站350米
2470,9,8210-C,3室1卫,3/18层,丰台区,公益西桥,星河苑2号院,地铁：距4号线大兴线公益西桥站200米
6080,45,124085-A,1室1卫,4/6层,东城区,和平里北街,和平里五区,地铁：距5号线和平里北街站400米
1740,11,11123-A,4室1卫,6/6层,通州区,九棵树,翠屏南里,地铁：距八通线果园站1100米
1930,8,132975-A,3室1卫,3/15层,石景山区,苹果园,西山奥园,"地铁：距1号线,6号线苹果园站1150米"
4910,52,141263-A,1室1卫,2/9层,大兴区,亦庄文化园,听涛雅苑,地铁：距亦庄线亦庄文化园站950米
2580,13,141332-B,4室1卫,4/6层,丰台区,角门东,怡然家园5号院,地铁：距10号线角门东站400米
1840,14,149246-A,2室1卫,11/11层,通州区,通州北关,苏坨新村,地铁：距6号线通州北关站2800米
8520,91,151243-A,2室1卫,28/28层,朝阳区,百子湾,石门新居,地铁：距7号线百子湾站250米
3410,17,30485-B,2室1卫,2/6层,朝阳区,十里堡,十里堡东里,地铁：距6号线十里堡站700米
2400,18,29026-B,2室0卫,1/14层,通州区,高楼金,DBC加州小镇C区,地铁：距7号线高楼金站200米
2360,10,37972-A,2室1卫,2/5层,石景山区,古城,古城北路,地铁：距1号线古城站1150米
2100,13,43454-B,4室1卫,2/6层,通州区,北神树,小康东里,地铁：距亦庄线万源街站2700米
1450,15,47235-E,5室1卫,11/15层,房山区,良乡大学城西,瑞雪春堂,地铁：距房山线良乡大学城西站900米
3890,38,55706-A,1室1卫,10/12层,大兴区,旧宫,亦庄北岸,地铁：距亦庄线旧宫站1050米
1860,13,58006-B,4室1卫,2/6层,顺义区,花梨坎,三山新新家园,地铁：距15号线花梨坎站2100米
1700,11,76947-C,3室1卫,2/6层,通州区,土桥,欣桥家园,地铁：距八通线土桥站1150米
3250,14,78947-B,3室1卫,4/18层,海淀区,永泰庄,海清园,地铁：距8号线永泰庄站1200米
2790,10,7069-B,4室1卫,15/28层,海淀区,西二旗,回龙观新村西区,"地铁：距13号线,昌平线西二旗站1050米"
2860,20,7538-B,6室1卫,5/6层,昌平区,霍营,龙跃苑三区,"地铁：距8号线,13号线霍营站800米"
3990,18,116956-A,2室1卫,2/5层,朝阳区,团结湖,农展南里,"地铁：距3号线,10号线团结湖站250米"
1800,11,122327-A,3室1卫,4/6层,通州区,九棵树,翠屏南里,地铁：距八通线果园站1100米
2650,16,124026-C,3室1卫,4/6层,丰台区,首经贸,枫泽园,"地铁：距10号线,房山线首经贸站650米"
2410,17,126087-A,2室1卫,5/6层,石景山区,八宝山,八宝山南路29号院,地铁：距1号线八宝山站2000米
5960,94,129783-A,2室1卫,1/7层,通州区,果园,新华联家园南区,地铁：距八通线果园站650米
3390,15,134176-A,3室1卫,21/28层,朝阳区,望京,南湖东园一区,"地铁：距14号线东段,15号线望京站550米"
2530,12,134681-B,3室1卫,21/27层,通州区,物资学院路,新建村二期,地铁：距6号线物资学院路站550米
2820,16,1310-C,4室1卫,1/17层,朝阳区,成寿寺,金第润苑,地铁：距10号线成寿寺站600米
1680,13,15044-B,3室1卫,2/21层,通州区,通州北关,富力惠兰美居,地铁：距6号线通州北关站3100米
2140,14,185-D,4室2卫,2/27层,朝阳区,管庄,京通苑阳光华苑,地铁：距八通线管庄站500米
3270,17,19751-A,2室1卫,8/18层,朝阳区,潘家园,华威西里,地铁：距10号线潘家园站650米
2030,8,2056-C,3室1卫,5/13层,丰台区,新宫,德鑫嘉园三期,"地铁：距4号线大兴线,19号线新宫站850米"
2070,9,302-A,3室1卫,9/9层,朝阳区,黄渠,汇鸿家园,地铁：距6号线黄渠站900米
2400,12,416-A,3室1卫,1/12层,昌平区,天通苑,天通苑北二区,地铁：距5号线天通苑站1000米
1670,9,43400-D,4室1卫,13/22层,通州区,北运河西,百合湾,地铁：距6号线北运河西站1100米
3050,9,44293-B,3室1卫,2/18层,朝阳区,大望路,光辉里,"地铁：距1号线,14号线东段大望路站50米"
2510,13,44046-C,3室1卫,5/15层,海淀区,永丰,友谊嘉园三期,地铁：距16号线永丰站2150米
2870,12,51492-B,2室1卫,19/22层,朝阳区,四惠东,甘露园南里一区,地铁：距6号线青年路站950米
1740,12,55800-A,4室1卫,5/6层,通州区,果园,新华联家园南区,地铁：距八通线果园站650米
2650,10,69613-A,3室1卫,20/24层,西城区,达官营,常青藤嘉园,"地铁：距7号线,16号线达官营站1100米"
2750,11,66128-D,4室1卫,20/24层,西城区,广安门内,立恒名苑,地铁：距7号线广安门内站1100米
2100,10,117232-D,4室1卫,15/27层,通州区,九棵树,玉兰湾,地铁：距八通线梨园站900米
2130,18,125133-A,2室1卫,15/16层,大兴区,瀛海,永旭嘉园,地铁：距8号线南段瀛海站1200米
1920,17,131397-A,3室1卫,3/6层,通州区,九棵树,西营前街,地铁：距6号线北运河西站1900米
3250,15,127415-B,2室1卫,4/20层,丰台区,刘家窑,芳群园三区,地铁：距5号线刘家窑站400米
4500,23,142656-A,4室1卫,6/18层,朝阳区,四惠,爱这城二期,"地铁：距1号线,八通线四惠站900米"
1770,15,156528-A,4室1卫,1/6层,通州区,物资学院路,永顺西里,地铁：距6号线物资学院路站1150米
,,,,,,,,
2700,13,20376-B,2室1卫,3/5层,东城区,陶然桥,右外东庄,地铁：距14号线东段陶然桥站500米
1780,13,19506-B,4室1卫,4/6层,通州区,九棵树,翠屏南里,地铁：距八通线果园站1100米
1640,10,25479-A,3室1卫,4/6层,通州区,通州北关,西潞苑小区,地铁：距6号线通州北关站1950米
1830,9,26429-C,3室1卫,14/24层,朝阳区,平房村,金泽家园A区,地铁：距3号线平房村站1500米
1920,9,35273-C,3室1卫,7/22层,朝阳区,东坝中街,北京城建福润四季,地铁：距3号线东坝中街站2800米
2290,12,43636-B,3室1卫,9/11层,朝阳区,孙河,康营小区15区,地铁：距15号线孙河站1050米
2380,10,44049-A,3室1卫,2/15层,海淀区,永丰,友谊嘉园三期,地铁：距16号线永丰站2150米
6050,39,49181-A,1室1卫,18/20层,朝阳区,潘家园,松榆西里,地铁：距10号线潘家园站650米
2080,10,511-F,7室2卫,6/6层,朝阳区,星火,姚家园西里3号院,"地铁：距3号线,20号线星火站350米"
6920,62,63041-A,1室1卫,9/27层,海淀区,六道口,城华园,地铁：距15号线六道口站1200米
5950,45,64847-A,1室1卫,6/10层,昌平区,龙泽,新龙城,地铁：距13号线龙泽站400米
1150,8,73788-A,3室1卫,2/14层,房山区,篱笆房,加州水郡三期,地铁：距房山线篱笆房站2200米
2470,9,74655-D,4室1卫,26/28层,昌平区,平西府,公园悦府,地铁：距8号线平西府站150米
2000,8,8234-A,4室1卫,18/28层,朝阳区,焦化厂,燕保祈东家园一期,地铁：距7号线焦化厂站450米
2330,10,114595-D,4室1卫,1/6层,丰台区,角门东,西马金润家园,地铁：距10号线角门东站700米
2210,11,120880-C,3室1卫,1/22层,丰台区,纪家庙,青秀城,地铁：距10号线纪家庙站1100米
1730,16,136596-B,3室2卫,4/6层,通州区,通州北关,东潞苑,地铁：距6号线通州北关站2350米
3000,10,138179-B,2室1卫,4/6层,海淀区,永泰庄,永泰东里,地铁：距8号线永泰庄站350米
1380,6,149316-C,3室1卫,2/16层,房山区,长阳,长阳国际城,地铁：距房山线长阳站800米
7420,63,156354-A,1室1卫,8/27层,东城区,广渠门外,金桥国际,"地铁：距7号线,17号线广渠门外站650米"
3020,9,156548-A,2室1卫,4/6层,朝阳区,光熙门,和平街十三区,地铁：距13号线光熙门站700米
,,,,,,,,
1910,16,26159-A,4室2卫,6/6层,昌平区,天通苑北,名流花园,地铁：距5号线天通苑北站2500米
1710,11,27397-D,4室1卫,4/12层,通州区,北运河西,加华印象街,地铁：距6号线北运河西站1250米
1470,15,27900-C,4室1卫,4/9层,房山区,篱笆房,加州水郡二期,地铁：距房山线篱笆房站1900米
2220,12,34689-A,4室1卫,4/6层,朝阳区,孙河,康营小区C区,地铁：距15号线孙河站1350米
1700,10,52409-C,4室1卫,1/15层,大兴区,瀛海,瀛海家园瑞园,地铁：距8号线南段瀛海站950米
1910,13,55778-E,8室4卫,1/6层,通州区,物资学院路,8哩岛,地铁：距6号线物资学院路站800米
2500,15,58632-B,2室1卫,3/5层,丰台区,丰台南路,新华街二里,地铁：距9号线丰台南路站300米
5310,46,59757-A,1室1卫,9/18层,石景山区,八角游乐园,西引力,地铁：距1号线八角游乐园站650米
,,,,,,,,
1990,11,69100-C,5室2卫,22/24层,朝阳区,八里桥,长桥园公寓,地铁：距八通线八里桥站650米
2330,7,76935-C,5室1卫,22/27层,朝阳区,立水桥,世华泊郡,"地铁：距13号线,5号线立水桥站1050米"
2590,14,80716-A,3室1卫,14/20层,丰台区,马家堡,丰开苑,地铁：距4号线大兴线马家堡站400米
1880,11,135007-A,3室1卫,1/6层,通州区,梨园,梨花园,地铁：距八通线梨园站250米
2010,7,13103-E,5室1卫,16/29层,丰台区,科怡路,怡海花园恒泰园,地铁：距9号线科怡路站300米
1860,9,155895-A,2室1卫,17/26层,通州区,梨园,新城嘉园（通州）,地铁：距八通线梨园站550米
6600,45,20057-A,1室1卫,14/22层,朝阳区,大郊亭,后现代城,地铁：距7号线大郊亭站650米
2900,24,27965-A,3室1卫,1/6层,昌平区,龙泽,北京人家,地铁：距13号线龙泽站1500米
1680,10,31320-A,4室1卫,24/30层,通州区,土桥,华远铭悦,地铁：距八通线土桥站950米
1690,13,33472-B,3室1卫,5/6层,通州区,梨园,公庄小区,地铁：距八通线梨园站1200米
1800,13,34434-B,3室1卫,17/23层,通州区,通州北关,富力惠兰美居,地铁：距6号线通州北关站3100米
1560,10,35570-A,3室1卫,6/6层,顺义区,石门,前进花园一区,地铁：距15号线石门站1100米
3180,15,33970-A,3室1卫,8/25层,朝阳区,潘家园,美景东方,地铁：距14号线东段北工大西门站850米
1680,10,48261-B,3室1卫,9/17层,昌平区,南邵,国惠村1期,地铁：距昌平线南邵站1150米
2200,13,4726-C,7室2卫,6/6层,朝阳区,星火,姚家园西里5号院,"地铁：距3号线,20号线星火站600米"
1650,8,51563-B,2室1卫,5/5层,通州区,通运门,中仓小区,地铁：距6号线通运门站250米
2710,10,52990-B,3室1卫,5/22层,朝阳区,劲松,农光里,地铁：距10号线劲松站350米
2380,9,57534-C,4室1卫,17/28层,朝阳区,北工大西门,周庄嘉园三期D区,地铁：距14号线东段北工大西门站1050米
7450,55,63281-A,1室1卫,10/10层,朝阳区,九龙山,金港国际,"地铁：距7号线,14号线东段九龙山站500米"
1790,16,68685-B,3室1卫,2/6层,通州区,通州北关,东潞苑,地铁：距6号线通州北关站2350米
1560,12,69852-A,3室1卫,1/12层,顺义区,石门,澜西园,地铁：距15号线石门站2200米
3000,14,76824-A,2室1卫,2/5层,西城区,广安门内,鸭子桥路,地铁：距7号线广安门内站1500米
1890,12,81148-A,4室1卫,5/6层,丰台区,四环路,银地家园,地铁：距房山线四环路站1450米
2190,7,8307-B,5室2卫,3/5层,昌平区,霍营,华龙苑南里,"地铁：距8号线,13号线霍营站550米"
2170,10,120656-B,2室1卫,3/6层,石景山区,金安桥,赵山,"地铁：距1号线,6号线苹果园站1200米"
1720,13,137945-A,3室1卫,2/6层,通州区,梨园,玉桥南里,地铁：距八通线梨园站1350米
6270,101,138613-A,2室1卫,3/6层,通州区,北运河西,运河明珠家园,地铁：距6号线北运河西站300米
1700,10,139785-A,4室1卫,9/18层,顺义区,顺义,金汉绿港三区,地铁：距15号线顺义站650米
3210,12,142943-B,4室1卫,1/19层,朝阳区,望京东,宝星园,地铁：距15号线望京东站550米
1710,9,151822-B,2室1卫,4/6层,通州区,九棵树,西营前街,地铁：距6号线北运河西站1900米
4280,25,14070-D,5室1卫,12/14层,朝阳区,青年路,天鹅湾,地铁：距6号线青年路站400米
3250,15,11787-A,4室1卫,12/32层,朝阳区,四惠,东区国际公寓,"地铁：距1号线,八通线四惠站800米"
2000,12,21892-B,4室1卫,2/6层,朝阳区,管庄,朝阳旺角,地铁：距八通线管庄站1050米
2490,9,32031-A,3室1卫,6/21层,朝阳区,南楼梓庄,世纪东方嘉园北区,地铁：距7号线南楼梓庄站700米
1530,12,29550-D,5室1卫,2/8层,通州区,通州北关,珠江国际城八区,地铁：距6号线通州北关站2050米
2410,10,37922-B,4室2卫,18/26层,朝阳区,北岗子,将府锦苑,地铁：距14号线东段将台站3550米
1920,18,47765-B,2室1卫,5/6层,昌平区,昌平,鼓楼北街3号院,地铁：距昌平线昌平站800米
1300,13,40707-C,3室1卫,5/8层,房山区,星城,东亚朗悦居,地铁：距燕房线星城站50米
2110,19,54221-A,3室1卫,10/11层,通州区,万盛东,小稿村,地铁：距7号线万盛东站1200米
1500,9,54128-C,3室1卫,19/22层,通州区,通州北关,刘庄新村,地铁：距6号线通州北关站2700米
2520,10,56981-A,3室1卫,2/19层,丰台区,分钟寺,四方景园四区,地铁：距10号线分钟寺站1150米
3060,17,62718-C,3室1卫,3/24层,朝阳区,潘家园,濠景阁,地铁：距10号线潘家园站1250米
2220,10,67523-C,3室1卫,19/31层,朝阳区,常营,保利嘉园3号院,地铁：距6号线常营站800米
2860,17,7912-C,3室1卫,1/6层,昌平区,霍营,华龙苑南里,"地铁：距8号线,13号线霍营站550米"
3390,40,136950-A,1室1卫,5/6层,通州区,果园,后南仓,地铁：距八通线果园站1050米
1500,15,142363-A,3室1卫,5/6层,房山区,良乡大学城西,鸿顺园西区,地铁：距房山线良乡大学城西站350米
1720,8,21880-B,4室1卫,7/10层,大兴区,清源路,兴华园,地铁：距4号线大兴线清源路站600米
2790,8,263-D,6室2卫,1/6层,朝阳区,惠新西街北口,惠新西街小区,地铁：距5号线惠新西街北口站350米
2430,16,25969-C,3室1卫,10/24层,通州区,通州北苑,通典铭居,地铁：距八通线通州北苑站450米
3250,17,43520-A,3室1卫,13/26层,丰台区,方庄,芳城园一区,地铁：距14号线东段方庄站550米
3240,10,27606-B,4室1卫,4/28层,朝阳区,望京,望京西园三区,"地铁：距14号线东段,15号线望京站600米"
4110,20,4218-A,5室1卫,3/22层,朝阳区,九龙山,风度柏林,"地铁：距7号线,14号线东段九龙山站500米"
3010,13,47893-C,4室1卫,8/9层,朝阳区,四惠,壹线国际惠泽园,"地铁：距1号线,八通线四惠站550米"
2200,12,45212-B,3室1卫,1/8层,朝阳区,孙河,康营小区15区,地铁：距15号线孙河站1050米
2470,8,56619-B,3室1卫,14/17层,丰台区,公益西桥,星河苑1号院,地铁：距4号线大兴线公益西桥站450米
2500,10,65312-B,3室1卫,14/22层,朝阳区,褡裢坡,福盈家园4号院,地铁：距6号线褡裢坡站550米
1820,13,121375-A,2室1卫,3/18层,通州区,通州北关,东潞苑,地铁：距6号线通州北关站2350米
2560,10,131146-A,2室1卫,2/6层,丰台区,丰台南路,韩庄子小区,地铁：距9号线丰台南路站550米
2300,9,1263-A,3室1卫,25/30层,朝阳区,高碑店,金隅汇星苑,地铁：距6号线青年路站1450米
1740,12,145923-C,4室1卫,5/8层,昌平区,昌平东关,随园,地铁：距昌平线昌平东关站1000米
2470,9,13007-A,3室1卫,6/6层,朝阳区,北工大西门,武圣东里,地铁：距14号线东段北工大西门站700米
1730,12,47718-D,5室1卫,3/7层,昌平区,南邵,长滩壹号,地铁：距昌平线南邵站1550米
1820,11,63951-A,3室1卫,2/11层,通州区,万盛西,半壁店新村,地铁：距7号线万盛西站1650米
,,,,,,,,
2380,11,8476-A,3室1卫,9/28层,朝阳区,褡裢坡,泰福苑二区,地铁：距6号线褡裢坡站700米
2510,10,8476-B,3室1卫,9/28层,朝阳区,褡裢坡,泰福苑二区,地铁：距6号线褡裢坡站700米
2380,12,138639-A,4室2卫,10/18层,朝阳区,褡裢坡,金福家园,地铁：距6号线褡裢坡站1000米
2260,12,20137-B,3室1卫,15/27层,朝阳区,管庄,东卫城,地铁：距八通线管庄站400米
2250,12,29878-A,3室1卫,18/21层,朝阳区,小红门,鸿博家园一期A区,地铁：距亦庄线小红门站900米
2980,11,33135-B,4室1卫,4/14层,朝阳区,青年路,青年汇佳园,地铁：距6号线青年路站250米
2310,10,56238-A,3室1卫,28/28层,通州区,物资学院路,新建村二期,地铁：距6号线物资学院路站550米
2680,11,57327-A,4室1卫,3/6层,海淀区,西二旗,龙兴园南区,"地铁：距13号线,昌平线西二旗站1700米"
2640,19,66575-B,3室1卫,1/6层,朝阳区,黄渠,常营民族家园CDF区,地铁：距6号线黄渠站750米
3250,17,71170-A,2室1卫,4/27层,丰台区,蒲黄榆,芳群园一区,"地铁：距5号线,14号线东段蒲黄榆站250米"
,,,,,,,,
2790,13,132007-D,4室1卫,3/6层,朝阳区,四惠东,康家园,"地铁：距1号线,八通线四惠东站300米"
6730,58,18160-A,1室1卫,16/27层,朝阳区,青年路,国美第一城3号院,地铁：距6号线青年路站1200米
2440,9,20635-A,3室1卫,14/15层,朝阳区,十里堡,石佛营西里,地铁：距6号线十里堡站1150米
2240,15,21788-B,3室1卫,6/6层,朝阳区,常营,连心园西区,地铁：距6号线常营站800米
1890,8,22564-D,4室1卫,2/16层,朝阳区,八里桥,长桥园公寓,地铁：距八通线八里桥站650米
2060,8,2187-C,4室1卫,10/18层,昌平区,回龙观东大街,紫金新干线四期,地铁：距8号线回龙观东大街站1400米
2400,8,25391-C,4室1卫,3/22层,丰台区,石榴庄,慧时欣园,地铁：距10号线石榴庄站200米
2110,10,4171-C,3室1卫,12/28层,朝阳区,管庄,管庄新村,地铁：距八通线管庄站600米
2190,13,48271-B,3室1卫,11/13层,朝阳区,平房村,金泽家园A区,地铁：距3号线平房村站1500米
2270,13,51710-B,3室1卫,3/5层,朝阳区,孙河,康营小区A区,地铁：距15号线孙河站1650米
2170,10,58869-A,4室1卫,3/21层,朝阳区,小红门,鸿博家园一期C区,地铁：距亦庄线小红门站1400米
1830,11,62277-A,3室1卫,6/11层,昌平区,昌平东关,随园,地铁：距昌平线昌平东关站1000米
1600,19,75464-C,3室1卫,4/6层,顺义区,顺义,仓上小区,地铁：距15号线顺义站1900米
2300,14,981-B,3室1卫,4/6层,朝阳区,常营,连心园西区,地铁：距6号线常营站800米
2050,9,123581-A,4室1卫,5/6层,顺义区,国展,莲竹花园,地铁：距15号线国展站350米
2120,13,19521-A,3室1卫,4/11层,顺义区,国展,翠竹新村,地铁：距15号线国展站1800米
2460,10,2331-B,3室1卫,3/26层,朝阳区,高碑店,金隅汇星苑,地铁：距6号线青年路站1450米
1810,14,25741-D,5室2卫,6/6层,通州区,通州北关,永顺南里1号院,地铁：距6号线通州北关站850米
1480,12,31384-A,4室1卫,7/10层,房山区,良乡大学城,五矿铭品,地铁：距房山线良乡大学城站1250米
2720,18,3098-B,3室1卫,4/6层,朝阳区,欢乐谷景区,金蝉北里,地铁：距7号线欢乐谷景区站550米
1900,13,30505-B,3室1卫,32/37层,通州区,通运门,京贸国际城西区,地铁：距6号线通运门站2000米
2070,8,36889-D,4室1卫,17/18层,大兴区,亦庄桥,中信新城东区,地铁：距亦庄线荣京东街站2500米
1460,13,47826-B,6室2卫,5/7层,通州区,通运门,新潮嘉园二期,地铁：距6号线通运门站4150米
2790,12,37-B,3室1卫,9/9层,朝阳区,四惠,通惠家园惠泽园,"地铁：距1号线,八通线四惠站350米"
2290,11,64226-B,5室1卫,3/6层,大兴区,亦庄桥,星岛假日,地铁：距亦庄线亦庄桥站200米
1920,14,66481-A,2室1卫,5/5层,大兴区,黄村西大街,黄村西里,地铁：距4号线大兴线黄村西大街站500米
1670,10,68358-B,3室1卫,18/18层,顺义区,石门,怡馨家园,地铁：距15号线石门站1250米
2610,9,75362-A,2室1卫,4/5层,石景山区,八宝山,鲁谷74号院,地铁：距1号线八宝山站800米
2160,6,8520-C,3室1卫,5/6层,朝阳区,北工大西门,农光南路,地铁：距14号线东段北工大西门站600米
1930,8,8531-D,4室1卫,9/27层,通州区,次渠南,次渠锦园北区,地铁：距亦庄线次渠南站350米
4400,21,127239-A,3室1卫,16/26层,海淀区,五棵松,今日家园,地铁：距1号线五棵松站900米
5250,26,127700-A,1室1卫,15/23层,丰台区,蒲黄榆,gogo新世代,"地铁：距5号线,14号线东段蒲黄榆站100米"
6290,43,129295-A,1室1卫,6/18层,朝阳区,太阳宫,曙光里,"地铁：距10号线,17号线太阳宫站650米"
7940,89,147346-A,2室1卫,18/22层,朝阳区,立水桥,北京北,"地铁：距13号线,5号线立水桥站500米"
1960,11,147974-B,2室1卫,7/9层,通州区,梨园,格兰晴天,地铁：距八通线梨园站750米
2710,13,13827-B,3室1卫,10/16层,丰台区,公益西桥,枫竹苑二区,地铁：距4号线大兴线公益西桥站350米
2040,9,17811-A,3室1卫,12/16层,顺义区,花梨坎,枫泉花园,地铁：距15号线花梨坎站700米
2210,8,2160-C,3室1卫,10/11层,丰台区,新宫,德鑫嘉园三期,"地铁：距4号线大兴线,19号线新宫站850米"
2030,8,2247-A,3室1卫,9/15层,丰台区,新宫,德鑫嘉园三期,"地铁：距4号线大兴线,19号线新宫站850米"
1850,11,23604-C,3室1卫,14/17层,大兴区,清源路,马赛公馆,地铁：距4号线大兴线清源路站1550米
2050,9,27453-B,2室1卫,6/6层,石景山区,杨庄,天翔社区北区,地铁：距1号线古城站1200米
2560,10,3349-B,5室1卫,3/28层,朝阳区,十里堡,十里堡甲3号院城市广场,地铁：距6号线十里堡站900米
1390,8,36157-C,4室1卫,2/16层,房山区,良乡大学城西,绿湾星苑,地铁：距房山线良乡大学城西站850米
2450,11,3520-B,3室1卫,1/15层,朝阳区,青年路,金隅泰和园,地铁：距6号线青年路站1250米
,,,,,,,,
1760,10,43660-C,3室1卫,4/12层,通州区,物资学院路,翠福园,地铁：距6号线物资学院路站2350米
2340,10,45310-B,3室1卫,13/21层,朝阳区,北岗子,坝鑫家园,"地铁：距12号线,平谷线北岗子站850米"
2510,10,5194-B,4室1卫,16/25层,朝阳区,立水桥,世华泊郡,"地铁：距13号线,5号线立水桥站1050米"
2700,14,5234-A,3室1卫,28/28层,朝阳区,传媒大学,北花园小区,地铁：距八通线传媒大学站600米
1770,9,62235-B,4室1卫,1/7层,通州区,物资学院路,富河园,地铁：距6号线物资学院路站1250米
3770,18,64605-A,2室1卫,3/5层,朝阳区,望京西,南湖渠西里,"地铁：距13号线,15号线望京西站650米"
2270,20,71707-C,3室1卫,4/6层,丰台区,东高地,西洼地,地铁：距8号线南段东高地站250米
1750,12,72084-A,4室1卫,5/6层,通州区,九棵树,翠屏南里,地铁：距八通线果园站1100米
1510,11,74225-C,3室1卫,4/6层,通州区,通州北关,东潞苑,地铁：距6号线通州北关站2350米
1860,9,75276-C,3室1卫,3/6层,丰台区,火箭万源,清和园,地铁：距8号线南段火箭万源站1450米
2440,10,8262-B,3室1卫,9/28层,朝阳区,传媒大学,北花园小区,地铁：距八通线传媒大学站600米
1890,12,115825-B,3室1卫,9/28层,通州区,土桥,华远铭悦,地铁：距八通线土桥站950米
1680,10,123301-C,3室1卫,1/5层,通州区,同济南路,神龙金桥,地铁：距亦庄线同济南路站2650米
1710,8,125628-B,2室1卫,2/5层,通州区,果园,京洲园,地铁：距八通线果园站1700米
2060,7,1609-C,4室1卫,6/29层,朝阳区,高碑店,金隅汇星苑,地铁：距6号线青年路站1450米
2910,15,19933-C,3室1卫,5/23层,丰台区,六里桥东,华源一里,地铁：距9号线六里桥东站650米
2300,13,20066-A,4室1卫,17/24层,丰台区,樊羊路,花香东苑,地铁：距房山线樊羊路站450米
2070,8,2175-C,3室1卫,5/17层,丰台区,新宫,德鑫嘉园三期,"地铁：距4号线大兴线,19号线新宫站850米"
1500,9,21417-D,4室1卫,16/28层,通州区,通州北关,富力惠兰美居,地铁：距6号线通州北关站3100米
1380,12,29319-C,3室1卫,2/6层,房山区,篱笆房,碧桂园A区,地铁：
2130,10,32088-A,3室1卫,14/18层,朝阳区,管庄,管庄新村,地铁：距八通线管庄站600米
1990,10,28223-A,4室1卫,13/15层,朝阳区,平房村,金泽家园A区,地铁：距3号线平房村站1500米
1750,10,50405-C,3室1卫,2/6层,顺义区,南法信,华英园（顺义）,地铁：距15号线南法信站800米
4270,46,52562-A,1室1卫,12/24层,大兴区,西红门,鸿坤理想城八期,地铁：距4号线大兴线西红门站1250米
2580,14,5660-B,3室1卫,1/16层,丰台区,分钟寺,四方景园四区,地铁：距10号线分钟寺站1150米
2050,9,63301-B,3室1卫,10/20层,石景山区,八角游乐园,八角南里,地铁：距1号线八角游乐园站800米
1920,8,75121-A,4室1卫,22/29层,通州区,次渠南,次渠锦园北区,地铁：距亦庄线次渠南站350米
2240,12,8502-A,3室1卫,9/11层,朝阳区,孙河,康营小区32区,地铁：距15号线孙河站1350米
2680,18,151589-A,2室1卫,3/6层,石景山区,八宝山,永乐东区,地铁：距1号线八宝山站700米
3280,18,154158-B,2室1卫,5/6层,丰台区,马家堡,翠林二里,地铁：距4号线大兴线马家堡站750米
4650,42,21041-A,1室1卫,2/5层,昌平区,龙泽,龙兴园西区,地铁：距13号线龙泽站1950米
2120,9,2195-D,4室1卫,9/18层,昌平区,回龙观东大街,紫金新干线四期,地铁：距8号线回龙观东大街站1400米
2090,9,19768-A,4室1卫,9/29层,丰台区,樊羊路,花香东苑,地铁：距房山线樊羊路站450米
1490,8,33067-A,3室1卫,4/6层,通州区,九棵树,西营前街,地铁：距6号线北运河西站1900米
2230,9,33721-C,4室1卫,2/27层,朝阳区,常营,富力阳光美园,地铁：距6号线常营站650米
2390,10,46618-C,3室1卫,4/6层,丰台区,丰台南路,华林家园,地铁：距9号线丰台南路站100米
3220,14,49920-A,4室1卫,4/11层,西城区,木樨地,白云观北里,地铁：距1号线木樨地站1100米
7440,83,52231-A,2室1卫,13/24层,朝阳区,黄渠,泰福苑三区,地铁：距6号线黄渠站500米
2550,16,54511-B,3室1卫,5/6层,丰台区,丰台科技园,富锦嘉园一区,地铁：距9号线丰台科技园站1050米
2180,9,57370-D,4室1卫,12/18层,昌平区,回龙观东大街,紫金新干线四期,地铁：距8号线回龙观东大街站1400米
2930,14,58022-B,2室1卫,4/6层,昌平区,霍营,蓝天园,"地铁：距8号线,13号线霍营站800米"
3230,9,59098-B,4室1卫,8/23层,朝阳区,三元桥,国际港,"地铁：距10号线,12号线,机场线三元桥站300米"
4260,46,63665-A,1室1卫,5/6层,朝阳区,东坝中街,康静里,地铁：距14号线东段将台站3750米
2200,10,64970-C,3室1卫,3/6层,朝阳区,黄渠,常营民族家园CDF区,地铁：距6号线黄渠站750米
2440,13,68639-A,3室1卫,5/6层,朝阳区,黄渠,常营民族家园G区,地铁：距6号线黄渠站1000米
1360,10,71859-B,4室1卫,5/9层,房山区,良乡大学城北,金地朗悦悦园,地铁：距房山线良乡大学城北站950米
2480,9,77495-D,4室1卫,4/22层,丰台区,刘家窑,正邦嘉园,地铁：距5号线刘家窑站300米
2340,12,8711-A,3室1卫,6/6层,朝阳区,黄渠,常营民族家园G区,地铁：距6号线黄渠站1000米
2600,10,847-A,3室1卫,14/21层,丰台区,宋家庄,顶秀金瑞,"地铁：距5号线,10号线,亦庄线宋家庄站650米"
2370,10,8738-C,4室1卫,5/27层,丰台区,方庄,芳星园三区,地铁：距14号线东段方庄站650米
2050,9,121494-A,3室1卫,12/30层,朝阳区,管庄,北京新天地,地铁：距八通线管庄站750米
2650,12,11096-A,3室1卫,2/5层,昌平区,回龙观,南店新村,地铁：距8号线育新站1100米
2400,9,134944-B,3室1卫,26/28层,丰台区,大井,丰体时代花园,地铁：距14号线西段大井站400米
6080,57,136445-A,2室1卫,3/6层,西城区,达官营,车站东街15号院,"地铁：距7号线,16号线达官营站1200米"
2340,11,12892-C,3室1卫,2/16层,丰台区,草桥,玉芳园,"地铁：距10号线,大兴机场线草桥站650米"
2580,15,1407-B,3室1卫,4/6层,朝阳区,黄渠,常营民族家园N区,地铁：距6号线黄渠站400米
1950,12,16239-A,4室1卫,3/6层,大兴区,黄村火车站,车站中里,地铁：距4号线大兴线黄村火车站站250米
2550,12,15963-A,3室1卫,5/19层,朝阳区,星火,姚家园东里8号院,"地铁：距3号线,20号线星火站800米"
2260,12,2697-B,3室1卫,4/28层,通州区,物资学院路,新建村小区,地铁：距6号线物资学院路站550米
1320,7,29529-A,3室1卫,3/6层,顺义区,俸伯,滨河小区,地铁：距15号线俸伯站1600米
1520,11,32634-C,3室1卫,1/6层,顺义区,顺义,石园北区,地铁：距15号线顺义站1950米
1440,15,33422-D,4室1卫,5/6层,房山区,篱笆房,碧桂园温泉小区二区,地铁：距房山线篱笆房站1700米
1720,12,31173-C,3室1卫,6/6层,通州区,九棵树,翠屏南里,地铁：距八通线果园站1100米
2490,10,34943-A,2室1卫,4/6层,朝阳区,褡裢坡,定福庄北里1号院,地铁：距6号线褡裢坡站550米
2650,13,35370-C,3室1卫,17/19层,昌平区,朱辛庄,TBD万科天地,"地铁：距昌平线,8号线朱辛庄站200米"
2890,11,34977-C,3室1卫,14/18层,丰台区,马家堡,丰开苑,地铁：距4号线大兴线马家堡站400米
3020,16,55156-A,3室1卫,6/18层,朝阳区,百子湾,百子湾家园-A区,地铁：距7号线百子湾站1250米
2180,12,56614-A,3室1卫,3/3层,朝阳区,双桥,周井大院,地铁：距八通线双桥站550米
2560,10,64473-C,3室1卫,19/20层,朝阳区,成寿寺,小红门路65号院,地铁：
1550,11,71571-B,3室1卫,5/6层,顺义区,顺义,胜利小区,地铁：距15号线顺义站700米
2810,8,7728-A,3室1卫,1/6层,朝阳区,大望路,西大望路12号院,"地铁：距1号线,14号线东段大望路站300米"
3080,10,7728-C,3室1卫,1/6层,朝阳区,大望路,西大望路12号院,"地铁：距1号线,14号线东段大望路站300米"
2880,13,8763-B,4室1卫,8/23层,丰台区,角门西,明日嘉园,"地铁：距10号线,4号线大兴线角门西站450米"
2580,12,8763-D,4室1卫,8/23层,丰台区,角门西,明日嘉园,"地铁：距10号线,4号线大兴线角门西站450米"
3210,22,138425-A,2室1卫,4/18层,西城区,达官营,车站西街17号院,"地铁：距7号线,16号线达官营站1300米"
1970,12,145869-B,3室1卫,1/6层,通州区,次渠,府东苑,"地铁：距亦庄线,17号线次渠站1150米"
11590,88,150533-A,2室1卫,14/29层,朝阳区,朝阳公园,丽水嘉园,"地铁：距3号线,14号线东段朝阳公园站400米"
5900,48,153837-A,1室1卫,7/14层,朝阳区,百子湾,沿海赛洛城,地铁：距7号线百子湾站650米
1960,15,154887-B,3室1卫,14/28层,通州区,土桥,华远铭悦,地铁：距八通线土桥站950米
2540,10,1591-A,4室1卫,7/10层,昌平区,生命科学园,领秀慧谷D区,地铁：距昌平线生命科学园站700米
1480,8,20130-A,4室1卫,10/22层,通州区,通州北关,富力惠兰美居,地铁：距6号线通州北关站3100米
1660,14,22120-B,3室1卫,1/6层,顺义区,石门,澜西园,地铁：距15号线石门站2200米
2380,11,2139-C,3室1卫,15/18层,朝阳区,星火,姚家园东里8号院,"地铁：距3号线,20号线星火站800米"
2080,8,2349-C,3室1卫,7/15层,丰台区,新宫,德鑫嘉园三期,"地铁：距4号线大兴线,19号线新宫站850米"
2910,11,25320-A,3室1卫,1/28层,海淀区,西二旗,回龙观新村中区,"地铁：距13号线,昌平线西二旗站1100米"
2380,12,29732-A,2室1卫,12/14层,朝阳区,东坝中街,金泽家园C区,地铁：距6号线褡裢坡站3950米
1520,7,30682-D,4室1卫,18/21层,丰台区,张郭庄,红山郡,地铁：距14号线西段张郭庄站1750米
2340,7,31809-A,3室1卫,1/5层,朝阳区,十里堡,八里庄东里,地铁：距6号线十里堡站600米
2360,13,32942-A,4室2卫,6/6层,大兴区,亦庄桥,富源里,地铁：距亦庄线亦庄桥站350米
2890,22,46459-A,2室1卫,5/6层,昌平区,龙泽,二拨子新村西区,地铁：距13号线龙泽站1950米
6530,35,46230-A,1室1卫,1/14层,朝阳区,双井,东三环南路,"地铁：距7号线,10号线双井站500米"
2480,13,44041-C,3室1卫,3/15层,海淀区,永丰,友谊嘉园三期,地铁：距16号线永丰站2150米
1460,11,47964-C,4室1卫,2/6层,房山区,良乡大学城西,鸿顺园东区,地铁：距房山线良乡大学城西站350米
2350,9,48548-B,3室1卫,11/14层,丰台区,角门东,福海小区,地铁：距10号线角门东站400米
1910,13,54672-B,4室1卫,3/6层,顺义区,花梨坎,三山新新家园,地铁：距15号线花梨坎站2100米
1820,8,54505-D,4室1卫,2/21层,朝阳区,平房村,金隅景和园(朝新嘉园东里7区),地铁：距6号线褡裢坡站3150米
1850,17,55775-A,3室1卫,5/6层,通州区,通州北关,潞苑嘉园,地铁：距6号线通州北关站2050米
1820,13,55795-B,2室1卫,4/16层,房山区,良乡南关,嘉瑞通小区,地铁：距房山线良乡南关站150米
2630,17,58129-C,3室1卫,2/6层,朝阳区,黄渠,常营民族家园CDF区,地铁：距6号线黄渠站750米
2380,9,62211-C,3室1卫,8/27层,朝阳区,褡裢坡,泰福苑二区,地铁：距6号线褡裢坡站700米
2540,12,68720-B,3室1卫,18/24层,丰台区,马家堡,玺萌丽苑,地铁：距4号线大兴线马家堡站650米
2420,10,74247-A,4室1卫,13/18层,朝阳区,潘家园,潘家园东里,地铁：距10号线潘家园站700米
2130,8,7823-A,3室1卫,5/6层,东城区,广渠门外,建木小区,"地铁：距7号线,17号线广渠门外站300米"
1450,10,79784-D,4室1卫,2/6层,顺义区,顺义,裕龙四区,地铁：距15号线顺义站1550米
2110,10,8428-C,4室1卫,12/19层,顺义区,花梨坎,满庭芳嘉园,地铁：距15号线花梨坎站850米
2240,9,8806-A,3室1卫,5/5层,丰台区,角门东,西马金润家园,地铁：距10号线角门东站700米
1900,10,8820-C,4室1卫,2/9层,顺义区,石门,万科四季花城,地铁：距15号线石门站450米
2200,10,8835-B,3室1卫,8/28层,通州区,物资学院路,新建村小区,地铁：距6号线物资学院路站550米
2230,10,8634-B,4室1卫,11/26层,朝阳区,草房,保利嘉园1号院,地铁：距6号线草房站950米
2210,12,8634-C,4室1卫,11/26层,朝阳区,草房,保利嘉园1号院,地铁：距6号线草房站950米
2430,9,8755-C,3室1卫,15/21层,朝阳区,十里堡,石佛营东里,地铁：距6号线十里堡站1400米
2810,20,80927-A,2室1卫,6/13层,朝阳区,欢乐谷景区,垡头西里二区,地铁：距7号线欢乐谷景区站800米
,,,,,,,,
3860,13,138687-C,3室1卫,30/30层,朝阳区,大望路,soho现代城,"地铁：距1号线,14号线东段大望路站250米"
2160,8,147307-B,3室1卫,5/28层,朝阳区,垡头,垡头翠城馨园南区,地铁：距7号线垡头站850米
2420,11,147663-C,3室1卫,9/9层,顺义区,花梨坎,吉祥花园,地铁：距15号线花梨坎站450米
2870,10,1624-A,6室2卫,1/24层,朝阳区,劲松,华腾园,地铁：距10号线劲松站450米
1930,8,19582-B,4室1卫,7/21层,丰台区,樊羊路,花香东苑,地铁：距房山线樊羊路站450米
1940,10,25238-A,2室1卫,4/6层,通州区,通州北苑,新华西街15号院,地铁：距八通线通州北苑站1400米
1720,9,27911-A,3室1卫,7/15层,昌平区,天通苑北,龙冠冠华苑一区,地铁：距5号线天通苑北站3950米
2040,11,358-A,3室1卫,2/5层,通州区,果园,新华联家园北区,地铁：距八通线果园站500米
2230,10,3506-B,3室1卫,2/28层,朝阳区,黄渠,汇鸿家园,地铁：距6号线黄渠站900米
1300,12,37582-C,3室1卫,8/16层,房山区,良乡大学城西,瑞雪春堂,地铁：距房山线良乡大学城西站900米
1830,10,32052-D,4室1卫,6/6层,朝阳区,八里桥,西马庄园,地铁：距八通线八里桥站1150米
1610,9,41915-D,4室1卫,3/13层,房山区,广阳城,世茂维拉,地铁：距房山线广阳城站700米
2480,14,43885-C,3室1卫,6/6层,朝阳区,草房,连心园东区,地铁：距6号线草房站500米
1690,14,48391-D,4室2卫,2/6层,昌平区,昌平,西环里,地铁：距昌平线昌平站1200米
,,,,,,,,
2180,17,51213-A,3室1卫,3/6层,通州区,物资学院路,永顺西里,地铁：距6号线物资学院路站1150米
3820,16,51421-A,4室1卫,6/22层,丰台区,泥洼,盛鑫嘉园,地铁：距10号线泥洼站50米
2440,13,4990-C,3室1卫,5/6层,朝阳区,黄渠,常营民族家园J区,地铁：距6号线黄渠站900米
2390,12,55918-B,3室1卫,1/13层,石景山区,八角游乐园,世纪佳苑,地铁：距1号线八角游乐园站1000米
1560,11,59622-C,4室2卫,7/19层,房山区,良乡大学城,远洋新仕界,地铁：距房山线良乡大学城站400米
3140,17,593-B,3室1卫,5/15层,朝阳区,青年路,阿曼寓所,地铁：距6号线青年路站1000米
2750,16,66593-C,3室1卫,3/6层,朝阳区,黄渠,常营民族家园N区,地铁：距6号线黄渠站400米
1600,13,67816-B,4室1卫,1/6层,顺义区,石门,澜西园,地铁：距15号线石门站2200米
2820,13,69693-C,3室1卫,1/6层,昌平区,龙泽,龙兴园中区,"地铁：距13号线,昌平线西二旗站1600米"
3450,13,79897-A,4室1卫,9/30层,朝阳区,大望路,soho现代城,"地铁：距1号线,14号线东段大望路站250米"
2470,11,8942-A,4室1卫,1/10层,朝阳区,传媒大学,艺水芳园,地铁：距八通线传媒大学站950米
3260,26,8942-B,4室1卫,1/10层,朝阳区,传媒大学,艺水芳园,地铁：距八通线传媒大学站950米
1620,11,81047-C,3室1卫,5/15层,房山区,长阳,军留庄,地铁：距房山线长阳站700米
2760,8,119689-A,3室1卫,20/24层,丰台区,角门西,嘉丽园,"地铁：距10号线,4号线大兴线角门西站150米"
1640,14,122645-D,4室1卫,3/6层,昌平区,昌平,东关北里小区,地铁：距昌平线昌平站1000米
2570,13,128579-B,5室1卫,3/13层,丰台区,樊羊路,益辰欣园,地铁：距房山线樊羊路站450米
,,,,,,,,
,,,,,,,,
3880,17,12801-A,3室1卫,5/25层,朝阳区,阜通,花家地西里,地铁：距14号线东段阜通站900米
10750,120,147270-A,2室1卫,10/22层,东城区,广渠门外,双花园南里,"地铁：距7号线,17号线广渠门外站650米"
1500,9,14250-C,4室1卫,2/18层,通州区,通运门,京贸家园,地铁：距6号线通运门站2650米
5140,50,19447-A,1室1卫,6/6层,丰台区,石榴庄,石榴园北里,地铁：距10号线石榴庄站250米
4870,26,20797-E,5室1卫,11/27层,朝阳区,三元桥,国际港,"地铁：距10号线,12号线,机场线三元桥站300米"
2190,8,2249-C,3室1卫,8/15层,丰台区,新宫,德鑫嘉园三期,"地铁：距4号线大兴线,19号线新宫站850米"
2000,11,22342-B,3室1卫,8/11层,顺义区,国展,翠竹新村,地铁：距15号线国展站1800米
6030,57,24999-A,1室1卫,14/26层,西城区,达官营,远见名苑,"地铁：距7号线,16号线达官营站400米"
1800,12,25190-C,4室2卫,6/6层,顺义区,石门,前进花园石门苑,地铁：距15号线石门站800米
1590,8,27830-C,4室1卫,20/21层,丰台区,张郭庄,红山郡,地铁：距14号线西段张郭庄站1750米
2380,9,32734-C,4室1卫,12/19层,朝阳区,双桥,水郡长安,地铁：距八通线双桥站800米
1290,9,41436-C,3室1卫,3/10层,房山区,良乡大学城,东羊庄新村,地铁：距房山线良乡大学城站1200米
4840,28,42870-A,1室1卫,18/23层,丰台区,马家堡,玺萌丽苑,地铁：距4号线大兴线马家堡站650米
2180,10,43793-B,2室1卫,5/6层,石景山区,金安桥,九中教工宿舍楼,"地铁：距1号线,6号线苹果园站1600米"
2790,15,45442-C,3室1卫,4/18层,丰台区,石榴庄,石榴园南里,地铁：距10号线石榴庄站400米
2550,10,4616-A,3室1卫,1/6层,昌平区,龙泽,龙华园,地铁：距13号线龙泽站800米
2470,10,45778-D,4室1卫,10/16层,大兴区,万源街,鹿鸣苑,地铁：距亦庄线万源街站550米
1550,14,51504-D,4室1卫,3/6层,房山区,良乡大学城西,鸿顺园东区,地铁：距房山线良乡大学城西站350米
2190,10,57112-A,3室1卫,14/15层,丰台区,大葆台,欣葆家园二区,地铁：距房山线大葆台站650米
2930,6,61880-A,2室1卫,10/15层,西城区,西直门,交大东路56号院,"地铁：距2号线,4号线大兴线,13号线西直门站900米"
,,,,,,,,
2570,11,6754-B,4室1卫,6/24层,朝阳区,北工大西门,南新园,地铁：距14号线东段北工大西门站600米
2240,9,70666-B,3室1卫,5/6层,昌平区,生命科学园,领秀慧谷A区,地铁：距昌平线生命科学园站850米
2500,15,75060-C,5室1卫,2/11层,丰台区,石榴庄,彩虹城三区,地铁：距10号线石榴庄站950米
2260,8,8928-A,4室1卫,17/22层,丰台区,方庄,四方景园一区,地铁：距14号线东段方庄站850米
3020,18,8928-B,4室1卫,17/22层,丰台区,方庄,四方景园一区,地铁：距14号线东段方庄站850米
3210,16,8872-B,3室1卫,1/15层,朝阳区,关庄,嘉铭桐城-A区,地铁：距15号线关庄站150米
2380,10,8977-B,3室1卫,26/28层,通州区,物资学院路,新建村小区,地铁：距6号线物资学院路站550米
2890,14,8977-C,3室1卫,26/28层,通州区,物资学院路,新建村小区,地铁：距6号线物资学院路站550米
1920,17,121707-C,3室1卫,5/6层,通州区,北运河西,玉桥中路2号院,地铁：距6号线北运河西站950米
1800,13,123301-B,3室1卫,1/5层,通州区,同济南路,神龙金桥,地铁：距亦庄线同济南路站2650米
4890,52,124339-A,1室1卫,1/21层,朝阳区,传媒大学,北花园小区,地铁：距八通线传媒大学站600米
1320,11,124415-A,3室1卫,3/10层,房山区,良乡大学城,东羊庄新村,地铁：距房山线良乡大学城站1200米
1710,13,141784-A,4室1卫,5/6层,昌平区,昌平东关,昌盛园一区,地铁：距昌平线昌平东关站1200米
1590,10,142349-B,3室1卫,1/12层,房山区,篱笆房,清雅小区,地铁：距房山线篱笆房站850米
2820,10,143730-B,2室1卫,4/6层,通州区,通州北苑,新华联锦园,地铁：距八通线通州北苑站650米
3860,47,144084-A,1室1卫,1/13层,通州区,北运河东,荔景园,地铁：距6号线北运河东站1100米
2590,10,138113-B,3室1卫,1/18层,朝阳区,北苑路北,北苑佳兴园,地铁：距5号线北苑路北站600米
3620,17,143409-D,4室2卫,14/24层,朝阳区,安立路,慧忠北里,地铁：距15号线安立路站250米
2130,14,146602-C,3室2卫,4/12层,昌平区,昌平东关,随园,地铁：距昌平线昌平东关站1000米
2820,15,16203-B,3室1卫,4/6层,丰台区,石榴庄,康泽园,地铁：距10号线石榴庄站600米
1720,11,22268-A,2室1卫,4/6层,通州区,梨园,艺苑东街,地铁：距八通线梨园站1350米
1830,7,25925-B,3室1卫,9/16层,顺义区,花梨坎,枫泉花园,地铁：距15号线花梨坎站700米
,,,,,,,,
1690,10,28803-B,4室1卫,19/23层,通州区,通州北关,富力惠兰美居,地铁：距6号线通州北关站3100米
3300,10,34977-B,3室1卫,14/18层,丰台区,马家堡,丰开苑,地铁：距4号线大兴线马家堡站400米
3550,9,40160-C,3室1卫,4/29层,朝阳区,来广营,北纬40度一期,地铁：距14号线东段来广营站250米
2100,24,391-A,7室2卫,6/6层,昌平区,天通苑东,天通苑东二区,地铁：距17号线天通苑东站650米
1750,10,45426-B,3室1卫,3/5层,大兴区,五福堂,德茂小区,地铁：距8号线南段五福堂站1050米
1720,10,45426-C,3室1卫,3/5层,大兴区,五福堂,德茂小区,地铁：距8号线南段五福堂站1050米
1690,11,48704-B,4室1卫,1/6层,通州区,梨园,梨园北小区,地铁：距八通线梨园站500米
1670,12,48941-D,4室1卫,5/6层,通州区,梨园,云景西里,地铁：距八通线梨园站750米
2540,11,51408-C,3室1卫,4/6层,东城区,景泰,定安里,地铁：距14号线东段景泰站450米
2360,12,55839-C,3室1卫,13/25层,石景山区,杨庄,地铁古城家园,"地铁：距1号线,6号线苹果园站1300米"
2280,11,58636-B,3室1卫,1/6层,通州区,物资学院路,邓家窑,地铁：距6号线物资学院路站250米
1960,13,66360-B,4室1卫,5/6层,通州区,果园,新华联家园南区,地铁：距八通线果园站650米
2100,14,67630-A,4室1卫,4/6层,丰台区,火箭万源,云龙家园,地铁：距亦庄线旧宫站2250米
1670,9,67811-A,6室2卫,19/27层,大兴区,天宫院,保利春天里一区,地铁：距4号线大兴线天宫院站250米
2250,12,61257-A,3室1卫,6/18层,通州区,通州北苑,通惠苑,地铁：距八通线通州北苑站650米
1930,20,79852-B,2室1卫,1/15层,通州区,土桥,金隅七零九零,地铁：距八通线土桥站1750米
2790,17,8928-C,4室1卫,17/22层,丰台区,方庄,四方景园一区,地铁：距14号线东段方庄站850米
1650,10,118331-B,4室1卫,2/6层,丰台区,张郭庄,福生园,地铁：距14号线西段张郭庄站700米
4200,13,127220-A,2室1卫,11/23层,海淀区,五棵松,今日家园,地铁：距1号线五棵松站900米
3850,9,127220-B,2室1卫,11/23层,海淀区,五棵松,今日家园,地铁：距1号线五棵松站900米
1800,14,127846-C,3室1卫,5/6层,大兴区,黄村火车站,观音寺南里,地铁：距4号线大兴线黄村火车站站1500米
1900,10,133781-D,4室1卫,3/6层,通州区,次渠,次渠怡芳园小区,"地铁：距亦庄线,17号线次渠站600米"
2710,12,133510-C,4室1卫,2/3层,丰台区,方庄,芳城园二区,地铁：距14号线东段方庄站650米
,,,,,,,,
2010,14,141519-A,4室1卫,6/16层,丰台区,东高地,蓝天怡景,地铁：距8号线南段东高地站1450米
1790,14,12624-E,5室2卫,4/6层,通州区,通州北关,永顺南里2号院,地铁：距6号线通州北关站1300米
,,,,,,,,
,,,,,,,,
1500,10,140805-C,3室1卫,4/6层,通州区,通州北关,东潞苑,地铁：距6号线通州北关站2350米
1750,12,19029-D,4室1卫,11/22层,通州区,通州北关,富力惠兰美居,地铁：距6号线通州北关站3100米
2460,16,18964-C,3室1卫,4/6层,朝阳区,黄渠,常营民族家园B区,地铁：距6号线黄渠站800米
2050,7,1935-B,4室1卫,8/17层,朝阳区,高碑店,金隅汇星苑,地铁：距6号线青年路站1450米
2980,10,19893-B,4室1卫,1/20层,朝阳区,望京,望京西园四区,"地铁：距14号线东段,15号线望京站400米"
2340,19,22629-A,2室1卫,2/6层,通州区,临河里,群芳园,地铁：距八通线临河里站1200米
2370,10,21681-E,6室1卫,15/16层,昌平区,天通苑,天通苑北一区,地铁：距5号线天通苑站350米
2360,8,2141-C,3室1卫,11/25层,朝阳区,北工大西门,双龙南里,地铁：距14号线东段北工大西门站450米
1340,13,22311-E,5室2卫,6/6层,顺义区,顺义,双兴北区,地铁：距15号线顺义站1250米
2480,9,2630-C,4室1卫,14/24层,丰台区,石榴庄,慧时欣园,地铁：距10号线石榴庄站200米
2000,11,30994-A,3室1卫,3/13层,朝阳区,东坝中街,金泽家园C区,地铁：距6号线褡裢坡站3950米
1710,7,27052-D,4室1卫,4/21层,朝阳区,平房村,金隅景和园(朝新嘉园东里7区),地铁：距6号线褡裢坡站3150米
2070,6,34235-B,4室1卫,10/14层,丰台区,新宫,合顺家园,"地铁：距4号线大兴线,19号线新宫站700米"
2560,14,33023-C,3室1卫,23/28层,通州区,物资学院路,新建村二期,地铁：距6号线物资学院路站550米
1730,11,28686-A,4室2卫,6/7层,通州区,九棵树,龙鼎园,地铁：距八通线九棵树站1550米
1600,11,35610-B,3室1卫,10/15层,房山区,篱笆房,加州水郡三期,地铁：距房山线篱笆房站2200米
1960,9,33442-B,4室1卫,17/18层,朝阳区,管庄,远洋一方润园,地铁：距八通线管庄站950米
1410,7,42701-A,4室1卫,5/12层,丰台区,张郭庄,红山郡,地铁：距14号线西段张郭庄站1750米
1730,10,45938-C,4室1卫,9/12层,顺义区,石门,前进花园石门苑,地铁：距15号线石门站800米
2370,14,48348-C,4室1卫,12/18层,大兴区,亦庄文化园,新康家园,地铁：距亦庄线亦庄文化园站750米
1830,9,51297-B,3室1卫,5/26层,通州区,梨园,新城嘉园（通州）,地铁：距八通线梨园站550米
2340,9,55284-C,3室1卫,9/11层,朝阳区,常营,保利嘉园3号院,地铁：距6号线常营站800米
2670,18,66399-B,2室1卫,3/6层,石景山区,古城,古城特钢楼,地铁：距1号线古城站1150米
1770,8,71590-D,4室1卫,15/15层,顺义区,花梨坎,天裕昕园,地铁：距15号线花梨坎站2550米
3670,16,69548-A,3室1卫,1/6层,朝阳区,将台,酒仙桥一街坊,地铁：距14号线东段将台站650米
2600,9,73556-A,2室1卫,1/12层,东城区,景泰,华龙美晟,地铁：距14号线东段景泰站500米
2840,12,680-D,4室2卫,6/12层,朝阳区,成寿寺,中海城风情苑,地铁：距10号线成寿寺站350米
2390,12,77035-C,3室1卫,3/6层,丰台区,首经贸,育菲园东里,"地铁：距10号线,房山线首经贸站300米"
2560,13,79731-B,3室1卫,10/18层,丰台区,科怡路,城市经典,地铁：距9号线科怡路站350米
3290,24,8710-D,5室1卫,22/26层,朝阳区,欢乐谷景区,北京华侨城1号院,地铁：距7号线欢乐谷景区站350米
2210,10,9028-A,3室1卫,10/28层,通州区,物资学院路,新建村小区,地铁：距6号线物资学院路站550米
2920,15,119440-A,4室1卫,9/24层,丰台区,西局,丽泽雅园,"地铁：距10号线,14号线西段西局站1700米"
2350,35,1027-G,7室2卫,6/6层,昌平区,天通苑东,天通苑东二区,地铁：距17号线天通苑东站650米
,,,,,,,,
3860,13,122751-A,3室1卫,2/6层,海淀区,五道口,中国地质大学家属院,地铁：距13号线五道口站400米
2440,9,124175-A,3室1卫,4/6层,丰台区,蒲黄榆,蒲黄榆二里,"地铁：距5号线,14号线东段蒲黄榆站600米"
2590,13,129141-B,3室1卫,2/11层,朝阳区,孙河,康营小区15区,地铁：距15号线孙河站1050米
2630,9,11478-A,3室1卫,2/22层,丰台区,方庄,芳城园一区,地铁：距14号线东段方庄站550米
1860,10,11498-C,3室1卫,4/6层,朝阳区,八里桥,瑞祥里小区,地铁：距八通线八里桥站750米
2600,20,140653-B,2室1卫,1/6层,丰台区,科怡路,保温段住宅小区,地铁：距9号线科怡路站1550米
1840,9,143951-D,4室1卫,4/6层,大兴区,高米店北,郁花园一里,地铁：距4号线大兴线高米店北站600米
1850,20,143193-C,4室1卫,9/25层,昌平区,昌平,新悦家园,地铁：距昌平线昌平站1200米
3620,21,146758-C,3室1卫,19/28层,朝阳区,大郊亭,金海国际,地铁：距7号线大郊亭站400米
2080,12,155034-B,2室1卫,4/6层,通州区,通州北苑,科印小区,地铁：距八通线通州北苑站450米
2830,13,14467-D,5室1卫,6/26层,朝阳区,十里河,嘉多丽园,"地铁：距10号线,14号线东段,17号线十里河站250米"
2900,13,1571-B,3室1卫,3/6层,朝阳区,青年路,雅成一里,地铁：距6号线青年路站550米
2380,9,1620-C,3室1卫,15/21层,朝阳区,高碑店,金隅汇星苑,地铁：距6号线青年路站1450米
2450,10,1598-B,5室1卫,8/28层,朝阳区,青年路,甘露家园,地铁：距6号线青年路站700米
6400,58,17018-A,1室1卫,7/28层,海淀区,六道口,双清路2号院,地铁：距15号线六道口站1800米
1820,15,17185-B,3室1卫,2/6层,房山区,良乡大学城西,阳光邑上,地铁：距房山线良乡大学城西站750米
2860,10,17606-B,4室1卫,5/19层,海淀区,西二旗,回龙观新村西区,"地铁：距13号线,昌平线西二旗站1050米"
2210,12,18983-C,4室1卫,1/6层,顺义区,国展,莲竹花园,地铁：距15号线国展站350米
2570,19,2239-B,3室1卫,1/6层,朝阳区,潘家园,潘家园小区,地铁：距10号线潘家园站1000米
2530,13,19805-D,4室1卫,27/28层,丰台区,樊羊路,花香东苑,地铁：距房山线樊羊路站450米
2310,14,23420-C,3室1卫,15/17层,通州区,次渠南,次渠南里,地铁：距亦庄线次渠南站700米
1410,12,24501-B,4室1卫,1/6层,房山区,良乡大学城西,鸿顺园东区,地铁：距房山线良乡大学城西站350米
3210,11,2436-B,3室1卫,5/26层,海淀区,西二旗,回龙观新村中区,"地铁：距13号线,昌平线西二旗站1100米"
1540,8,25571-B,4室1卫,7/23层,通州区,通州北关,富力惠兰美居,地铁：距6号线通州北关站3100米
1420,8,25556-A,4室1卫,20/20层,门头沟区,小园,保利首开四季怡园,地铁：距S1线小园站950米
2030,15,27478-A,4室1卫,7/12层,顺义区,石门,石景苑,地铁：距15号线石门站850米
2030,9,32740-A,2室1卫,3/6层,大兴区,枣园,滨河东里,地铁：距4号线大兴线枣园站850米
1470,10,32549-A,3室1卫,6/6层,通州区,通州北关,潞苑嘉园,地铁：距6号线通州北关站2050米
2830,16,37940-B,3室1卫,6/18层,丰台区,大红门,鑫福里小区,"地铁：距8号线南段,10号线大红门站450米"
2350,8,43031-B,4室1卫,4/5层,昌平区,回龙观,南店新村,地铁：距8号线育新站1100米
2650,14,4125-C,4室1卫,9/12层,朝阳区,常营,万象新天二区,地铁：距6号线常营站400米
2400,10,45856-C,3室1卫,5/28层,通州区,物资学院路,新建村二期,地铁：距6号线物资学院路站550米
2370,11,46160-A,3室1卫,10/11层,朝阳区,草房,保利嘉园1号院,地铁：距6号线草房站950米
2290,8,35-C,4室1卫,8/22层,朝阳区,常营,北辰福第中区,地铁：距6号线常营站450米
3610,56,48298-A,1室1卫,3/6层,房山区,广阳城,广阳城新区,地铁：距房山线广阳城站300米
3630,12,47973-C,3室1卫,2/5层,朝阳区,香河园,新源里西,地铁：距17号线香河园站500米
2530,8,50978-A,3室1卫,12/18层,朝阳区,劲松,农光东里,地铁：距10号线劲松站700米
1510,10,52767-C,3室1卫,10/19层,房山区,良乡大学城北,智汇雅苑,地铁：距房山线良乡大学城北站450米
1500,10,57617-A,4室1卫,3/6层,房山区,广阳城,碧波园,地铁：距房山线广阳城站500米
3120,12,58877-B,3室1卫,6/28层,朝阳区,潘家园,百环花园,地铁：距10号线潘家园站250米
2690,22,62941-B,4室1卫,1/5层,通州区,北运河西,BOBO自由城,地铁：距6号线北运河西站800米
1960,15,64543-C,3室1卫,1/21层,房山区,长阳,首开熙悦山澜庭,地铁：距房山线长阳站300米
2910,18,66150-C,3室1卫,5/6层,朝阳区,四惠,百子湾路2号楼,地铁：距7号线百子湾站1250米
2580,11,69360-B,3室1卫,27/28层,朝阳区,北岗子,将府锦苑,地铁：距14号线东段将台站3550米
2780,18,70093-A,2室1卫,2/5层,石景山区,古城,十万坪,地铁：距1号线古城站600米
1890,12,69776-C,3室1卫,5/6层,大兴区,黄村西大街,兴政东里,地铁：距4号线大兴线黄村西大街站1000米
1970,12,76524-B,3室1卫,15/17层,昌平区,南邵,何营路小区,地铁：
2550,14,8221-C,3室1卫,27/28层,通州区,物资学院路,新建村小区,地铁：距6号线物资学院路站550米
3620,8,80929-B,5室2卫,5/10层,朝阳区,朝阳门,吉庆里小区,"地铁：距2号线,6号线朝阳门站600米"
1910,9,115101-D,4室1卫,5/7层,昌平区,天通苑东,天通苑东二区,地铁：距17号线天通苑东站650米
3610,19,10422-A,2室1卫,1/5层,朝阳区,金台夕照,呼家楼新街大院,地铁：距10号线金台夕照站600米
2760,8,131694-C,4室1卫,19/28层,海淀区,西二旗,回龙观新村西区,"地铁：距13号线,昌平线西二旗站1050米"
6150,73,134721-A,2室1卫,2/18层,昌平区,回龙观东大街,紫金新干线四期,地铁：距8号线回龙观东大街站1400米
1720,9,142843-A,4室1卫,17/20层,顺义区,顺义,金汉绿港三区,地铁：距15号线顺义站650米
2470,12,143798-B,3室1卫,15/15层,丰台区,大葆台,欣葆家园二区,地铁：距房山线大葆台站650米
1850,13,134432-A,3室1卫,3/6层,通州区,北运河西,玉桥北里,地铁：距6号线北运河西站1250米
1780,16,145679-B,2室1卫,4/6层,昌平区,昌平,御路园,地铁：距昌平线昌平站1050米
2170,9,145439-C,3室1卫,1/6层,顺义区,国展,莲竹花园,地铁：距15号线国展站350米
2660,21,145916-C,3室1卫,1/6层,昌平区,回龙观东大街,天龙苑,地铁：距8号线回龙观东大街站650米
2950,14,145763-A,3室1卫,5/6层,海淀区,育新,常秀家园,地铁：距8号线育新站1450米
2040,11,146229-A,2室1卫,6/8层,房山区,稻田,长景新园,地铁：距房山线稻田站350米
2240,8,147307-C,3室1卫,5/28层,朝阳区,垡头,垡头翠城馨园南区,地铁：距7号线垡头站850米
2450,16,13643-A,3室1卫,4/6层,朝阳区,常营,连心园西区,地铁：距6号线常营站800米
2000,11,155106-C,3室1卫,1/6层,通州区,通州北苑,新仓路27号院,地铁：距八通线通州北苑站1000米
5830,50,155551-A,1室1卫,12/12层,东城区,广渠门内,绿景苑,地铁：距7号线广渠门内站650米
4730,20,157219-B,2室1卫,3/16层,海淀区,大钟寺,蓟门东里,"地铁：距12号线,13号线大钟寺站700米"
2610,17,14949-B,2室1卫,5/5层,朝阳区,常营,管庄东里,地铁：距6号线常营站700米
,,,,,,,,
1820,10,149-C,4室2卫,5/6层,通州区,果园,翠屏北里西区,地铁：距八通线果园站400米
6290,59,18471-A,1室1卫,18/24层,朝阳区,高碑店,兴隆家园,地铁：距八通线高碑店站600米
3250,17,22743-C,3室1卫,16/21层,朝阳区,青年路,朝阳无限芳菁苑,地铁：距6号线青年路站750米
2580,14,2408-A,3室1卫,17/26层,朝阳区,常营,北辰福第中区,地铁：距6号线常营站450米
2580,13,2408-B,3室1卫,17/26层,朝阳区,常营,北辰福第中区,地铁：距6号线常营站450米
1200,11,24840-D,5室2卫,2/3层,房山区,阎村,天恒乐活城,地铁：距燕房线阎村站200米
2070,10,22996-A,3室1卫,5/6层,顺义区,花梨坎,三山新新家园,地铁：距15号线花梨坎站2100米
2030,12,24391-B,3室1卫,6/6层,通州区,次渠,府东苑,"地铁：距亦庄线,17号线次渠站1150米"
2940,12,2592-A,4室1卫,4/6层,东城区,广渠门外,双花园南里,"地铁：距7号线,17号线广渠门外站650米"
1750,15,26889-A,3室1卫,14/15层,房山区,篱笆房,加州水郡四期,地铁：距房山线篱笆房站2550米
2010,9,35007-B,3室1卫,22/24层,通州区,次渠南,次渠家园东里2区,地铁：距亦庄线次渠南站450米
2960,20,29731-C,4室1卫,6/6层,昌平区,龙泽,金达园,地铁：距13号线龙泽站1250米
,,,,,,,,
3620,21,37446-C,4室1卫,5/6层,朝阳区,褡裢坡,美然动力A3区,地铁：距6号线褡裢坡站500米
2930,14,36834-C,3室1卫,3/7层,朝阳区,劲松,劲松二区,地铁：距10号线劲松站600米
2690,8,35309-C,4室1卫,15/18层,海淀区,海淀五路居,定慧福里,地铁：距6号线海淀五路居站250米
2540,8,43085-A,3室1卫,23/28层,朝阳区,北岗子,将府锦苑,地铁：距14号线东段将台站3550米
3600,11,334-B,3室2卫,6/31层,朝阳区,望京南,嘉润花园,地铁：距14号线东段望京南站300米
4220,19,31713-A,2室1卫,6/6层,朝阳区,三元桥,静安里,"地铁：距10号线,12号线,机场线三元桥站900米"
1950,10,46036-A,3室1卫,4/15层,顺义区,石门,当代北辰悦moma,地铁：距15号线石门站850米
2110,11,47315-C,4室1卫,2/11层,通州区,果园,金源泉,地铁：距八通线果园站150米
2730,14,48416-B,3室1卫,17/20层,朝阳区,褡裢坡,福盈家园3号院,地铁：距6号线褡裢坡站450米
3020,23,50176-A,3室1卫,1/6层,丰台区,刘家窑,定安东里,地铁：距5号线刘家窑站600米
2740,14,5105-C,3室1卫,23/29层,朝阳区,传媒大学,北花园小区,地铁：距八通线传媒大学站600米
1840,10,51042-D,4室1卫,2/6层,丰台区,火箭万源,清和园,地铁：距8号线南段火箭万源站1450米
2440,10,53712-B,3室1卫,22/22层,朝阳区,双合,建工双合家园,地铁：距7号线双合站350米
1660,12,54375-C,3室1卫,6/12层,顺义区,石门,澜西园,地铁：距15号线石门站2200米
3160,9,54638-B,3室1卫,2/6层,朝阳区,呼家楼,团结湖南里,"地铁：距6号线,10号线呼家楼站100米"
2450,9,64203-A,3室1卫,26/26层,朝阳区,黄渠,泰福苑三区,地铁：距6号线黄渠站500米
2650,11,65986-A,2室1卫,2/5层,朝阳区,传媒大学,定福庄西街,地铁：距八通线传媒大学站350米
2500,11,66217-C,3室1卫,17/27层,朝阳区,褡裢坡,泰福苑二区,地铁：距6号线褡裢坡站700米
1710,10,71318-C,3室1卫,1/11层,通州区,果园,晟世嘉园,地铁：距八通线果园站1500米
2090,9,72148-D,4室1卫,5/6层,通州区,物资学院路,天赐良园东三期,地铁：距6号线物资学院路站250米
2440,9,8641-B,3室1卫,18/20层,朝阳区,成寿寺,方庄南路18号院,地铁：距10号线成寿寺站700米
2750,15,9124-B,3室1卫,17/23层,丰台区,六里桥东,建茗园,地铁：距9号线六里桥东站1750米
1400,11,122125-B,3室1卫,1/6层,房山区,广阳城,小西庄回迁楼,地铁：距房山线广阳城站1300米
1490,15,124724-C,3室1卫,8/10层,房山区,良乡大学城,东羊庄新村,地铁：距房山线良乡大学城站1200米
2170,12,109-A,3室1卫,2/11层,通州区,九棵树,蓝调沙龙,地铁：距八通线九棵树站550米
2520,17,139872-A,4室1卫,4/6层,朝阳区,常营,连心园西区,地铁：距6号线常营站800米
2600,8,142241-A,3室1卫,5/6层,海淀区,万寿路,大件厂宿舍,地铁：距1号线万寿路站400米
1700,7,140400-A,2室1卫,2/6层,通州区,九棵树,新华南路153号院,地铁：距八通线果园站800米
,,,,,,,,
3470,18,143254-A,2室1卫,2/4层,朝阳区,十里堡,十里堡东里,地铁：距6号线十里堡站700米
2580,9,142683-B,2室1卫,14/18层,朝阳区,北工大西门,双龙南里,地铁：距14号线东段北工大西门站450米
7060,80,142819-A,2室1卫,5/6层,海淀区,育新,龙博苑三区,地铁：距8号线育新站700米
2850,12,144410-B,3室1卫,18/24层,朝阳区,十里堡,朝阳嘉园,地铁：距6号线十里堡站700米
2010,15,138885-B,3室1卫,1/6层,通州区,梨园,北杨洼小区,地铁：距八通线梨园站550米
3300,9,144137-A,2室1卫,10/10层,朝阳区,金台路,金台里,"地铁：距6号线,14号线东段金台路站550米"
,,,,,,,,
2920,12,146896-A,3室1卫,10/20层,朝阳区,北苑路北,北苑佳兴园,地铁：距5号线北苑路北站600米
1570,11,147150-B,3室1卫,5/6层,顺义区,顺义,双兴南区,地铁：距15号线顺义站1000米
2640,19,147157-B,2室1卫,5/6层,大兴区,枣园,滨河西里,地铁：距4号线大兴线枣园站650米
1770,11,143478-B,3室1卫,3/11层,房山区,稻田,长景新园,地铁：距房山线稻田站350米
1820,8,150391-B,3室1卫,11/16层,丰台区,东高地,蓝天怡景,地铁：距8号线南段东高地站1450米
8480,87,152084-A,2室1卫,5/30层,朝阳区,青年路,国美第一城东区,地铁：距6号线青年路站1050米
1550,8,14250-D,4室1卫,2/18层,通州区,通运门,京贸家园,地铁：距6号线通运门站2650米
1930,14,158919-A,3室1卫,3/26层,大兴区,黄村火车站,长兴公寓,地铁：距4号线大兴线黄村火车站站900米
2180,10,18372-A,3室1卫,6/16层,顺义区,花梨坎,枫泉花园,地铁：距15号线花梨坎站700米
3430,20,204-A,2室1卫,3/5层,朝阳区,劲松,劲松一区,地铁：距10号线劲松站300米
2640,8,204-B,2室1卫,3/5层,朝阳区,劲松,劲松一区,地铁：距10号线劲松站300米
2690,11,20224-B,3室1卫,5/6层,朝阳区,传媒大学,定福庄西街,地铁：距八通线传媒大学站350米
2430,13,20043-A,4室1卫,10/21层,丰台区,樊羊路,花香东苑,地铁：距房山线樊羊路站450米
2390,13,20874-A,4室1卫,1/6层,昌平区,龙泽,龙兴园西区,地铁：距13号线龙泽站1950米
2870,18,28926-B,2室1卫,5/5层,石景山区,古城,古城南路,地铁：距1号线古城站500米
3900,20,28438-E,5室1卫,3/8层,朝阳区,望京西,北京香颂,"地铁：距13号线,15号线望京西站550米"
2460,15,29652-C,4室1卫,1/6层,通州区,物资学院路,天赐良园东三期,地铁：距6号线物资学院路站250米
2070,11,25955-B,4室1卫,3/21层,朝阳区,小红门,鸿博家园一期C区,地铁：距亦庄线小红门站1400米
3160,11,26613-B,3室1卫,11/24层,海淀区,西二旗,智学苑,"地铁：距13号线,昌平线西二旗站450米"
,,,,,,,,
2450,11,34248-B,4室1卫,3/10层,海淀区,永丰,友谊嘉园三期,地铁：距16号线永丰站2150米
3560,16,36800-B,2室1卫,2/6层,丰台区,马家堡,玉林里小区,地铁：距4号线大兴线马家堡站1600米
2930,15,42464-B,3室1卫,3/21层,朝阳区,南楼梓庄,世纪东方嘉园北区,地铁：距7号线南楼梓庄站700米
1820,14,42701-B,4室1卫,5/12层,丰台区,张郭庄,红山郡,地铁：距14号线西段张郭庄站1750米
1930,10,4154-C,3室1卫,6/20层,朝阳区,管庄,管庄新村,地铁：距八通线管庄站600米
1590,7,49064-C,3室1卫,4/6层,大兴区,大兴新城,新安里,地铁：距4号线大兴线清源路站1850米
3010,11,46968-B,3室1卫,2/28层,海淀区,西二旗,回龙观新村中区,"地铁：距13号线,昌平线西二旗站1100米"
2700,8,49547-A,2室1卫,5/25层,丰台区,方庄,芳星园三区,地铁：距14号线东段方庄站650米
2870,22,50638-D,4室1卫,2/6层,大兴区,亦庄文化园,听涛雅苑,地铁：距亦庄线亦庄文化园站950米
2040,11,52466-D,5室2卫,3/6层,大兴区,旧宫,育龙家园,地铁：距亦庄线旧宫站1150米
3230,21,54028-A,3室1卫,4/6层,西城区,陶然亭,右安门内西街甲10号院,地铁：距4号线大兴线陶然亭站1450米
2830,23,66832-D,4室1卫,23/25层,大兴区,亦庄文化园,大雄城市花园,地铁：距亦庄线亦庄文化园站650米
2960,15,9306-D,4室1卫,4/20层,丰台区,公益西桥,星河苑2号院,地铁：距4号线大兴线公益西桥站200米
1530,8,116881-D,4室1卫,3/4层,通州区,北运河西,玉桥北里,地铁：距6号线北运河西站1250米
3230,17,141706-A,4室1卫,4/6层,丰台区,科怡路,恒富中街6号院,地铁：距9号线科怡路站200米
3020,8,147507-B,3室1卫,5/9层,海淀区,上地,金隅美和园,地铁：距13号线上地站250米
3430,50,145861-A,1室1卫,7/12层,通州区,群芳,久居雅园,地铁：距7号线群芳站800米
1680,8,153445-B,4室1卫,9/11层,通州区,通州北苑,馨通家园,地铁：距6号线物资学院路站1400米
5200,70,153867-A,1室1卫,10/21层,丰台区,纪家庙,青秀城,地铁：距10号线纪家庙站1100米
2890,15,18421-C,4室1卫,6/7层,朝阳区,四惠东,康家园,"地铁：距1号线,八通线四惠东站300米"
5500,74,19946-B,1室1卫,1/17层,朝阳区,褡裢坡,定福家园北里,地铁：距6号线褡裢坡站200米
1650,14,22553-B,4室1卫,4/6层,顺义区,顺义,石园南区,地铁：距15号线顺义站2600米
1250,10,27352-B,3室1卫,4/6层,房山区,星城,星城北里,地铁：距燕房线星城站200米
1410,10,32226-C,4室1卫,3/6层,顺义区,俸伯,裕龙六区,地铁：距15号线俸伯站1650米
1850,14,32630-D,4室1卫,6/6层,昌平区,天通苑北,名佳花园三区,地铁：距5号线天通苑北站2600米
1680,18,33217-C,5室2卫,6/7层,通州区,通运门,新潮嘉园二期,地铁：距6号线通运门站4150米
2460,10,35865-C,3室1卫,3/15层,海淀区,永丰,友谊嘉园三期,地铁：距16号线永丰站2150米
2530,12,38132-A,3室1卫,7/15层,海淀区,永丰,友谊嘉园三期,地铁：距16号线永丰站2150米
2000,21,38001-A,4室1卫,5/6层,通州区,通州北关,西潞苑小区,地铁：距6号线通州北关站1950米
1770,12,40883-A,4室1卫,2/16层,房山区,良乡南关,嘉瑞通小区,地铁：距房山线良乡南关站150米
2920,18,28223-B,4室1卫,13/15层,朝阳区,平房村,金泽家园A区,地铁：距3号线平房村站1500米
3020,17,31656-E,5室2卫,10/12层,丰台区,角门东,怡然家园6号院,地铁：距10号线角门东站400米
3140,16,4034-C,3室1卫,3/25层,朝阳区,立水桥南,北苑家园绣菊园,地铁：距5号线立水桥南站750米
3260,16,422-A,4室2卫,4/10层,海淀区,清河,上第MOMA,地铁：距13号线清河站500米
1160,12,40566-B,6室2卫,5/5层,房山区,星城,星城北里,地铁：距燕房线星城站200米
2620,12,4770-B,4室1卫,6/6层,昌平区,天通苑南,太平家园,地铁：距5号线天通苑南站450米
,,,,,,,,
2090,10,5488-B,4室1卫,4/15层,朝阳区,管庄,远洋一方一区,地铁：距八通线管庄站700米
1450,12,61058-C,3室1卫,2/9层,房山区,良乡大学城,东羊庄新村,地铁：距房山线良乡大学城站1200米
2170,14,72498-A,4室1卫,16/21层,通州区,通州北关,财富东方,地铁：距6号线通州北关站800米
1940,9,72498-C,4室1卫,16/21层,通州区,通州北关,财富东方,地铁：距6号线通州北关站800米
1710,8,51550-C,4室1卫,1/9层,大兴区,清源路,兴华园,地铁：距4号线大兴线清源路站600米
1890,11,72250-A,2室1卫,4/6层,大兴区,黄村火车站,车站北里,地铁：距4号线大兴线黄村火车站站600米
2280,10,8902-B,3室1卫,16/28层,通州区,物资学院路,新建村小区,地铁：距6号线物资学院路站550米
2050,9,118409-B,5室2卫,5/6层,丰台区,科怡路,丰泽居一号院,地铁：距9号线科怡路站600米
2890,9,118865-B,3室1卫,1/6层,朝阳区,香河园,新源里东,地铁：距17号线香河园站650米
5680,56,133983-A,1室1卫,11/18层,丰台区,宋家庄,政馨园一区,"地铁：距5号线,10号线,亦庄线宋家庄站400米"
1640,8,135630-A,2室1卫,1/6层,昌平区,昌平,清秀园南区,地铁：距昌平线昌平站950米
2160,14,136534-A,3室1卫,12/12层,通州区,果园,靓景明居,地铁：距八通线果园站1300米
2670,13,141777-C,4室1卫,5/22层,丰台区,角门西,玺萌苑,"地铁：距10号线,4号线大兴线角门西站550米"
4010,20,132727-C,3室1卫,3/21层,朝阳区,四惠,都会华庭,"地铁：距1号线,八通线四惠站750米"
1810,11,145335-A,3室1卫,1/11层,通州区,临河里,花涧溪,地铁：距八通线临河里站750米
5880,80,147784-A,2室1卫,3/18层,朝阳区,管庄,管庄新村,地铁：距八通线管庄站600米
2410,24,144554-B,2室1卫,3/6层,通州区,北运河西,柳岸景园,地铁：距6号线北运河西站1300米
6590,94,149876-A,2室1卫,4/15层,昌平区,回龙观东大街,上坡佳园,地铁：距8号线回龙观东大街站450米
2390,12,16195-C,3室1卫,1/6层,朝阳区,草房,连心园东区,地铁：距6号线草房站500米
2320,13,19566-C,3室1卫,18/24层,丰台区,樊羊路,花香东苑,地铁：距房山线樊羊路站450米
,,,,,,,,
1680,11,30130-B,3室1卫,20/29层,通州区,土桥,金隅通和园,地铁：距八通线土桥站1550米
2340,10,32428-A,2室1卫,2/19层,大兴区,瀛海,南海家园五里,地铁：距亦庄线荣昌东街站3750米
2430,10,3254-A,3室1卫,9/19层,朝阳区,星火,姚家园东里8号院,"地铁：距3号线,20号线星火站800米"
2330,8,37886-C,3室1卫,2/6层,丰台区,刘家窑,刘家窑南里,地铁：距5号线刘家窑站500米
3430,13,38800-C,5室1卫,4/24层,朝阳区,望京,夏都盈座,地铁：距15号线望京东站1900米
2390,9,39459-B,3室1卫,1/6层,朝阳区,劲松,劲松七区,地铁：距10号线劲松站1150米
2160,8,46355-C,3室1卫,6/24层,丰台区,大红门,苗圃东里,"地铁：距8号线南段,10号线大红门站250米"
3050,18,468-B,3室1卫,1/6层,昌平区,育知路,风雅园一区,地铁：距8号线育知路站450米
,,,,,,,,
1460,8,52796-D,5室2卫,6/7层,通州区,北运河东,武夷花园牡丹园,地铁：距6号线北运河东站1850米
1860,10,52394-B,3室1卫,6/16层,顺义区,花梨坎,天裕昕园,地铁：距15号线花梨坎站2550米
4940,46,54232-A,1室1卫,4/7层,海淀区,玉泉路,青塔秀园,地铁：距1号线玉泉路站1950米
1840,10,57414-C,4室1卫,1/6层,顺义区,花梨坎,三山新新家园,地铁：距15号线花梨坎站2100米
2390,16,59967-B,4室1卫,2/6层,顺义区,石门,前进花园石门苑,地铁：距15号线石门站800米
2410,8,69360-A,3室1卫,27/28层,朝阳区,北岗子,将府锦苑,地铁：距14号线东段将台站3550米
1810,14,62397-A,4室1卫,2/6层,通州区,临河里,群芳园,地铁：距八通线临河里站1200米
2470,10,8441-A,4室1卫,1/6层,昌平区,龙泽,慧华苑,地铁：距13号线龙泽站700米
1940,13,9037-B,3室1卫,18/20层,通州区,群芳,海棠湾一期,地铁：距7号线群芳站750米
2150,18,9037-C,3室1卫,18/20层,通州区,群芳,海棠湾一期,地铁：距7号线群芳站750米
3310,20,9065-D,4室1卫,2/10层,昌平区,龙泽,佰嘉城,地铁：距13号线龙泽站1300米
3120,10,9071-B,3室1卫,17/25层,朝阳区,阜通,方舟苑,地铁：距14号线东段阜通站1500米
2010,14,114547-B,3室1卫,2/6层,通州区,北运河西,乔庄东区,地铁：距6号线北运河西站650米
1950,10,114675-B,2室1卫,4/6层,大兴区,黄村火车站,车站北里,地铁：距4号线大兴线黄村火车站站600米
2770,11,116505-A,2室1卫,5/6层,朝阳区,潘家园,东架松,地铁：距10号线潘家园站400米
2400,8,10556-D,4室1卫,20/24层,朝阳区,东风北桥,梵谷水郡,"地铁：距14号线东段,平谷线东风北桥站1800米"
6490,66,130088-A,1室1卫,3/5层,东城区,永定门外,悠胜美苑,"地铁：距8号线南段,14号线东段永定门外站650米"
3220,20,131261-C,4室1卫,5/14层,石景山区,八角游乐园,依翠园,地铁：距1号线八角游乐园站750米
2910,18,133371-B,2室1卫,5/6层,石景山区,八角游乐园,老山西里,地铁：距1号线八角游乐园站500米
3070,12,1149-D,5室1卫,4/8层,朝阳区,四惠,远洋天地三期,"地铁：距1号线,八通线四惠站600米"
3080,17,135160-C,3室1卫,3/5层,海淀区,田村,永定路1号院,地铁：距6号线海淀五路居站1300米
3100,14,137774-E,5室1卫,2/16层,朝阳区,青年路,珠江罗马嘉园西区,地铁：距6号线青年路站500米
2440,9,1223-C,3室1卫,11/18层,朝阳区,高碑店,金隅汇星苑,地铁：距6号线青年路站1450米
2810,11,147112-B,2室1卫,14/25层,通州区,物资学院路,新建村二期,地铁：距6号线物资学院路站550米
1840,8,147805-A,3室1卫,21/25层,通州区,通州北关,东阁雅舍,地铁：距6号线通州北关站850米
8490,102,147953-A,2室1卫,17/18层,海淀区,上地,清上园,地铁：距13号线上地站1050米
2550,18,155887-B,2室1卫,3/6层,石景山区,古城,八角北路,地铁：距1号线古城站1000米
1650,9,12466-A,4室2卫,6/7层,通州区,通州北苑,帅府园,地铁：距八通线通州北苑站800米
1970,10,14938-B,4室1卫,4/8层,朝阳区,双桥,东柳西里,地铁：距八通线双桥站900米
3120,12,1804-B,3室1卫,6/28层,朝阳区,将台,电子城小区,地铁：距14号线东段将台站1150米
3360,16,19893-D,4室1卫,1/20层,朝阳区,望京,望京西园四区,"地铁：距14号线东段,15号线望京站400米"
2050,8,2295-C,3室1卫,2/17层,丰台区,新宫,德鑫嘉园三期,"地铁：距4号线大兴线,19号线新宫站850米"
2240,8,2560-C,3室1卫,10/16层,丰台区,新宫,德鑫嘉园三期,"地铁：距4号线大兴线,19号线新宫站850米"
2100,15,30314-A,4室1卫,3/6层,通州区,次渠南,敬园小区,地铁：距亦庄线次渠南站850米
1930,14,30682-C,4室1卫,18/21层,丰台区,张郭庄,红山郡,地铁：距14号线西段张郭庄站1750米
2120,17,27843-B,3室1卫,3/11层,通州区,万盛西,半壁店新村,地铁：距7号线万盛西站1650米
1900,11,35559-B,3室1卫,2/29层,通州区,高楼金,新城乐居,地铁：距7号线高楼金站450米
1650,12,37602-A,3室1卫,4/6层,通州区,北运河西,乔庄西区,地铁：距6号线北运河西站1000米
2370,17,39034-A,2室1卫,2/5层,顺义区,顺义,建新北区,地铁：距15号线顺义站700米
1870,8,42480-C,3室1卫,3/6层,大兴区,枣园,枣园小区,地铁：距4号线大兴线枣园站450米
3730,12,41393-C,3室1卫,1/6层,朝阳区,枣营,枣营南里,地铁：距14号线东段枣营站200米
2470,13,43826-B,5室1卫,2/13层,丰台区,樊羊路,益辰欣园,地铁：距房山线樊羊路站450米
2150,14,44658-B,3室1卫,2/6层,通州区,北运河西,乔庄西区,地铁：距6号线北运河西站1000米
3280,22,49924-C,4室1卫,5/21层,朝阳区,平房村,金隅景和园(朝新嘉园东里7区),地铁：距6号线褡裢坡站3150米
3490,22,47163-C,4室1卫,11/15层,朝阳区,传媒大学,艺水芳园,地铁：距八通线传媒大学站950米
2670,17,50604-A,2室1卫,3/6层,石景山区,古城,十万坪,地铁：距1号线古城站600米
2730,8,51244-D,4室1卫,19/30层,昌平区,龙泽,金域华府二期,"地铁：距13号线,昌平线西二旗站1400米"
1570,10,53154-C,3室1卫,1/6层,通州区,通州北关,王家场,地铁：距6号线通州北关站2000米
2820,11,52998-C,3室1卫,8/24层,朝阳区,青年路,富华家园,地铁：距6号线青年路站950米
2980,16,55700-A,3室1卫,5/6层,丰台区,公益西桥,富卓苑,地铁：距4号线大兴线公益西桥站550米
2360,13,57806-C,4室1卫,5/6层,丰台区,四环路,宜兰园二区,地铁：距房山线四环路站1450米
2890,15,58809-C,3室1卫,1/6层,昌平区,回龙观,龙乡中区,地铁：距13号线回龙观站850米
1970,15,62361-C,3室1卫,18/26层,昌平区,昌平,新悦家园,地铁：距昌平线昌平站1200米
3470,15,75643-B,2室1卫,4/6层,海淀区,上地,小营西路23号院,地铁：距13号线上地站1200米
2360,9,1077-A,4室1卫,2/18层,朝阳区,肖村,中海城圣朝菲,地铁：距亦庄线肖村站600米
3520,19,11443-A,3室1卫,9/11层,朝阳区,四惠,通惠家园惠润园,"地铁：距1号线,八通线四惠站650米"
2980,16,130915-A,2室1卫,2/5层,朝阳区,传媒大学,定福庄西街,地铁：距八通线传媒大学站350米
1770,15,132544-A,3室1卫,1/6层,大兴区,黄村火车站,观音寺南里,地铁：距4号线大兴线黄村火车站站1500米
2540,9,131017-B,2室1卫,3/6层,丰台区,丰台南路,富丰园小区,地铁：距9号线丰台南路站1100米
4420,79,134282-A,2室1卫,3/6层,通州区,梨园,云景西里南区,地铁：距八通线梨园站850米
6760,86,136721-A,2室1卫,3/6层,海淀区,育新,沁春家园,地铁：距8号线育新站1050米
2960,12,143273-A,2室1卫,2/16层,丰台区,方庄,芳星园三区,地铁：距14号线东段方庄站650米
,,,,,,,,
2240,11,141303-A,3室1卫,1/6层,朝阳区,孙河,康营小区B区,地铁：距15号线孙河站1500米
5480,52,147233-A,1室1卫,11/20层,丰台区,公益西桥,富卓苑,地铁：距4号线大兴线公益西桥站550米
3230,12,147499-B,3室1卫,2/24层,朝阳区,望京,世安家园,"地铁：距14号线东段,15号线望京站950米"
1740,11,149066-B,2室1卫,5/6层,通州区,通州北关,东潞苑,地铁：距6号线通州北关站2350米
3510,64,153782-A,1室1卫,9/12层,通州区,果园,旗舰凯旋一期,地铁：距八通线果园站1700米
1840,10,157147-C,3室1卫,4/6层,通州区,九棵树,葛布店南里,地铁：距八通线九棵树站300米
2200,10,14229-A,4室1卫,8/12层,通州区,果园,葵花社,地铁：距八通线果园站200米
2700,16,15663-C,3室1卫,5/6层,朝阳区,草房,连心园东区,地铁：距6号线草房站500米
3760,10,20221-A,2室1卫,6/6层,朝阳区,亮马桥,新源街,地铁：距10号线亮马桥站850米
1800,14,23789-C,3室1卫,5/6层,昌平区,昌平,建明里,地铁：距昌平线昌平站850米
2300,11,2447-A,3室1卫,4/6层,朝阳区,孙河,康营小区,地铁：距15号线孙河站1000米
4880,23,2715-D,5室1卫,19/26层,朝阳区,望京东,宝星园,地铁：距15号线望京东站550米
1450,10,27449-C,3室1卫,6/9层,房山区,良乡大学城西,瑞雪春堂,地铁：距房山线良乡大学城西站900米
2210,17,28486-B,2室1卫,4/5层,大兴区,黄村火车站,林校北里,地铁：距4号线大兴线黄村火车站站750米
,,,,,,,,
1870,13,31875-C,3室1卫,2/6层,昌平区,沙河,民园小区,地铁：距昌平线沙河站1650米
1310,29,32001-C,4室2卫,5/5层,房山区,阎村,绿城百合公寓风荷苑,地铁：距燕房线阎村站850米
2780,12,33256-A,4室1卫,12/19层,昌平区,天通苑,天通苑西二区,地铁：距5号线天通苑站500米
2580,11,35867-A,2室1卫,1/15层,海淀区,永丰,友谊嘉园三期,地铁：距16号线永丰站2150米
2270,10,36856-A,2室1卫,1/6层,通州区,梨园,梨园西里,地铁：距八通线梨园站200米
1500,8,37615-B,4室1卫,33/33层,通州区,通运门,京贸家园,地铁：距6号线通运门站2650米
3410,18,42086-A,2室1卫,15/18层,丰台区,刘家窑,南三环中路15号院,地铁：距5号线刘家窑站350米
3460,26,42361-C,3室1卫,14/18层,丰台区,樊羊路,郭公庄幸福家园,地铁：距房山线樊羊路站400米
1840,14,35701-B,3室1卫,10/10层,通州区,通州北关,苏坨新村,地铁：距6号线通州北关站2800米
2620,8,45125-A,3室1卫,12/14层,海淀区,永丰南,永旺家园一区,地铁：距16号线永丰南站250米
3030,15,48547-A,2室1卫,2/5层,丰台区,纪家庙,郑王坟141号院,地铁：距10号线纪家庙站750米
1540,7,46239-B,2室1卫,1/6层,大兴区,天宫院,天堂河,地铁：距4号线大兴线天宫院站650米
1660,10,51834-B,3室1卫,5/6层,昌平区,昌平,雅馨家园,地铁：距昌平线昌平站550米
2460,9,51867-B,3室1卫,1/5层,丰台区,大红门,苗圃东里,"地铁：距8号线南段,10号线大红门站250米"
3700,20,51802-A,4室1卫,20/24层,西城区,广安门内,牛街18,地铁：距7号线广安门内站650米
1600,7,54642-B,2室1卫,5/6层,昌平区,昌平,安福苑,地铁：距昌平线昌平站900米
1440,8,57648-C,4室2卫,15/19层,房山区,良乡大学城,远洋新仕界,地铁：距房山线良乡大学城站400米
2880,11,57454-C,3室1卫,13/20层,朝阳区,立水桥南,北苑家园望春园,地铁：距5号线立水桥南站600米
2190,13,586-B,5室1卫,1/6层,昌平区,天通苑,天通苑北三区,地铁：距5号线天通苑站1700米
3290,65,62450-A,1室1卫,3/6层,昌平区,昌平,西环里,地铁：距昌平线昌平站1200米
1480,10,62764-A,3室1卫,2/6层,昌平区,昌平,西环里,地铁：距昌平线昌平站1200米
2110,9,64021-B,4室1卫,7/11层,顺义区,花梨坎,吉祥花园,地铁：距15号线花梨坎站450米
4270,11,64488-A,2室1卫,1/6层,海淀区,海淀黄庄,东南小区,地铁：距4号线大兴线中关村站800米
1410,12,73214-B,3室1卫,4/6层,房山区,广阳城,小西庄回迁楼,地铁：距房山线广阳城站1300米
2610,11,71945-A,2室1卫,10/21层,朝阳区,北岗子,坝鑫家园,"地铁：距12号线,平谷线北岗子站850米"
2010,14,72119-B,3室1卫,4/6层,通州区,北运河西,乔庄北区,地铁：距6号线北运河西站700米
1400,12,73566-B,4室1卫,8/9层,房山区,良乡大学城西,瑞雪春堂,地铁：距房山线良乡大学城西站900米
2880,19,690-D,4室2卫,2/3层,朝阳区,高碑店,美丽亚洲假日花园,地铁：距八通线高碑店站650米
1800,9,73885-A,3室1卫,16/18层,大兴区,黄村西大街,双河南里尚城,地铁：距4号线大兴线黄村西大街站1450米
3280,14,927-A,3室1卫,2/24层,海淀区,西二旗,融泽嘉园12号院,"地铁：距13号线,昌平线西二旗站1100米"
2620,9,117058-B,3室1卫,1/24层,朝阳区,高碑店,兴隆家园,地铁：距八通线高碑店站600米
2590,16,1001-F,6室2卫,6/7层,昌平区,天通苑,天通苑北三区,地铁：距5号线天通苑站1700米
4240,26,120872-B,4室1卫,8/18层,朝阳区,大郊亭,金海国际,地铁：距7号线大郊亭站400米
3050,13,120872-C,4室1卫,8/18层,朝阳区,大郊亭,金海国际,地铁：距7号线大郊亭站400米
2650,10,120872-D,4室1卫,8/18层,朝阳区,大郊亭,金海国际,地铁：距7号线大郊亭站400米
1380,9,123448-B,4室1卫,3/6层,房山区,良乡大学城西,阳光邑上,地铁：距房山线良乡大学城西站750米
3040,8,125953-A,3室1卫,4/6层,朝阳区,光熙门,光熙门北里,地铁：距13号线光熙门站350米
3640,18,125953-C,3室1卫,4/6层,朝阳区,光熙门,光熙门北里,地铁：距13号线光熙门站350米
1730,12,127846-A,3室1卫,5/6层,大兴区,黄村火车站,观音寺南里,地铁：距4号线大兴线黄村火车站站1500米
2870,9,129586-A,3室1卫,28/28层,朝阳区,北工大西门,周庄嘉园三期A区,地铁：距14号线东段北工大西门站1150米
1550,6,131178-B,3室1卫,4/5层,通州区,通州北关,北通集团家属楼,地铁：距6号线通州北关站1450米
1660,11,133349-B,2室1卫,5/6层,昌平区,昌平,东关北里小区,地铁：距昌平线昌平站1000米
1820,11,133718-A,3室1卫,2/6层,通州区,通州北关,东潞苑,地铁：距6号线通州北关站2350米
2880,16,135179-C,3室1卫,2/6层,朝阳区,黄渠,常营民族家园CDF区,地铁：距6号线黄渠站750米
2650,11,135369-D,4室1卫,16/18层,丰台区,刘家窑,芳群园四区,地铁：距5号线刘家窑站700米
3430,13,143233-A,4室1卫,2/8层,朝阳区,望京西,北京香颂,"地铁：距13号线,15号线望京西站550米"
3290,11,141834-B,3室1卫,4/6层,朝阳区,光熙门,西坝河北里,地铁：距13号线光熙门站500米
2540,9,145763-C,3室1卫,5/6层,海淀区,育新,常秀家园,地铁：距8号线育新站1450米
2180,13,146548-A,2室1卫,4/6层,通州区,北运河西,西上园三区,地铁：距6号线北运河西站900米
2330,18,146631-B,3室1卫,5/25层,大兴区,黄村西大街,兴政东里,地铁：距4号线大兴线黄村西大街站1000米
3970,18,147480-B,2室1卫,11/18层,朝阳区,金台路,红庙北里,"地铁：距6号线,14号线东段金台路站450米"
2050,13,147818-A,3室1卫,8/10层,丰台区,东高地,蓝天怡景,地铁：距8号线南段东高地站1450米
1840,12,153480-C,3室1卫,1/6层,通州区,梨园,云景西里南区,地铁：距八通线梨园站850米
3640,12,1559-C,3室1卫,22/28层,朝阳区,望京,望京新城,"地铁：距14号线东段,15号线望京站300米"
1300,11,17185-A,3室1卫,2/6层,房山区,良乡大学城西,阳光邑上,地铁：距房山线良乡大学城西站750米
1210,12,21603-C,4室1卫,6/6层,房山区,良乡大学城西,东关家园,地铁：距房山线良乡大学城西站1050米
2180,13,23822-B,3室1卫,3/6层,顺义区,国展,翠竹新村,地铁：距15号线国展站1800米
,,,,,,,,
1690,10,31979-B,3室1卫,6/10层,昌平区,南邵,兴昌佳苑,地铁：距昌平线南邵站1000米
2940,15,34696-B,6室2卫,6/6层,朝阳区,潘家园,松榆西里,地铁：距10号线潘家园站650米
1700,8,34993-B,4室1卫,6/29层,通州区,通运门,京贸家园,地铁：距6号线通运门站2650米
1840,10,42989-A,3室1卫,9/18层,丰台区,和义,大红门锦苑A区,地铁：距8号线南段和义站1400米
4630,31,3964-B,2室1卫,10/18层,朝阳区,潘家园,农光南里,地铁：距10号线潘家园站250米
1730,15,44070-C,4室1卫,3/11层,通州区,通州北关,刘庄新村,地铁：距6号线通州北关站2700米
1880,12,47887-A,3室1卫,17/23层,通州区,土桥,香溪家园,地铁：距八通线土桥站500米
2030,12,49607-D,4室1卫,13/18层,通州区,次渠南,次渠南里,地铁：距亦庄线次渠南站700米
4090,25,50278-B,4室1卫,7/33层,朝阳区,青年路,国美第一城西区,地铁：距6号线青年路站1250米
1680,7,52540-A,4室1卫,13/18层,顺义区,后沙峪,金地中央世家,地铁：距15号线后沙峪站2650米
3200,9,54258-A,3室1卫,14/18层,朝阳区,东大桥,东大桥路,"地铁：距6号线,17号线东大桥站500米"
1630,10,54265-B,3室1卫,7/18层,门头沟区,桥户营,惠康嘉园五区,地铁：距S1线桥户营站650米
3020,10,55255-D,4室1卫,22/22层,西城区,广安门内,南线里小区,地铁：距7号线广安门内站650米
2300,10,6093-A,4室1卫,6/6层,朝阳区,褡裢坡,定福庄北里1号院,地铁：距6号线褡裢坡站550米
3480,13,61062-C,3室1卫,17/28层,朝阳区,望京,望京新城,"地铁：距14号线东段,15号线望京站300米"
4560,50,65335-A,1室1卫,10/22层,石景山区,古城,古城现代嘉园,地铁：距1号线古城站1250米
2170,8,70093-B,2室1卫,2/5层,石景山区,古城,十万坪,地铁：距1号线古城站600米
3420,8,7360-B,4室1卫,4/13层,东城区,崇文门,国瑞城中区,"地铁：距2号线,5号线崇文门站550米"
2300,8,6926-C,3室1卫,3/16层,丰台区,新宫,德鑫嘉园三期,"地铁：距4号线大兴线,19号线新宫站850米"
2720,11,74247-D,4室1卫,13/18层,朝阳区,潘家园,潘家园东里,地铁：距10号线潘家园站700米
2360,14,71239-B,3室1卫,7/11层,朝阳区,孙河,康营小区6区,地铁：距15号线孙河站1050米
2490,10,79630-A,2室1卫,2/6层,朝阳区,传媒大学,定福庄西街,地铁：距八通线传媒大学站350米
3290,16,8360-C,3室1卫,2/6层,朝阳区,阜通,花家地西里,地铁：距14号线东段阜通站900米
1680,13,117389-B,3室1卫,2/14层,通州区,通州北关,李庄佳苑,地铁：距6号线通州北关站3400米
3420,44,120964-A,1室1卫,11/21层,昌平区,昌平,力天嘉苑,地铁：距昌平线昌平站750米
6050,45,132031-A,1室1卫,3/6层,海淀区,北沙滩,北沙滩4号院,地铁：距15号线北沙滩站400米
,,,,,,,,
4060,13,139072-B,2室1卫,3/6层,海淀区,白石桥南,车公庄西路16号院,"地铁：距6号线,9号线白石桥南站150米"
,,,,,,,,
,,,,,,,,
2860,9,144183-B,3室1卫,1/6层,昌平区,龙泽,龙泽苑西区,地铁：距13号线龙泽站200米
2790,19,144381-A,2室1卫,4/6层,通州区,九棵树,葛布店北里,地铁：距八通线九棵树站300米
1950,8,147912-A,3室1卫,1/6层,丰台区,大井,程庄路3号院,地铁：距14号线西段大井站1100米
1810,11,156691-C,3室1卫,4/6层,通州区,梨园,格兰晴天,地铁：距八通线梨园站750米
3710,26,157448-C,3室1卫,16/20层,昌平区,天通苑,天通苑西二区,地铁：距5号线天通苑站500米
2460,12,16054-B,3室1卫,10/10层,顺义区,花梨坎,吉祥花园,地铁：距15号线花梨坎站450米
,,,,,,,,
2660,12,18611-C,3室1卫,19/33层,朝阳区,北岗子,恒大华府,"地铁：距12号线,平谷线北岗子站700米"
2650,10,18595-B,2室1卫,6/6层,丰台区,海户屯,马公庄,地铁：距8号线南段海户屯站750米
5450,62,19014-A,2室1卫,3/6层,丰台区,海户屯,西罗园南里,地铁：距8号线南段海户屯站650米
2870,15,1938-B,3室1卫,5/6层,朝阳区,黄渠,常营民族家园N区,地铁：距6号线黄渠站400米
2720,14,21681-C,6室1卫,15/16层,昌平区,天通苑,天通苑北一区,地铁：距5号线天通苑站350米
2140,18,26641-A,2室1卫,6/6层,顺义区,顺义,建新南区,地铁：距15号线顺义站1050米
2440,10,2628-B,3室1卫,11/12层,通州区,物资学院路,新建村小区,地铁：距6号线物资学院路站550米
2200,10,28568-A,3室1卫,5/6层,朝阳区,孙河,康营小区A区,地铁：距15号线孙河站1650米
1610,15,31903-C,3室1卫,10/16层,房山区,篱笆房,加州水郡三期,地铁：距房山线篱笆房站2200米
3040,17,29393-B,2室1卫,3/6层,朝阳区,常营,连心园西区,地铁：距6号线常营站800米
2210,10,33010-B,3室1卫,19/22层,朝阳区,双合,建工双合家园,地铁：距7号线双合站350米
1310,8,33146-C,3室1卫,1/22层,房山区,阎村,天恒乐活城,地铁：距燕房线阎村站200米
2780,9,31934-C,3室1卫,15/28层,丰台区,六里桥,泰禾西府玉苑,"地铁：距10号线,14号线西段西局站950米"
5990,43,35739-A,1室1卫,13/13层,朝阳区,潘家园,潘家园东里,地铁：距10号线潘家园站700米
1910,10,38605-B,3室1卫,5/6层,通州区,果园,潞河中学北街,地铁：距八通线果园站650米
2810,12,38094-B,3室1卫,26/27层,朝阳区,北岗子,将府锦苑,地铁：距14号线东段将台站3550米
2500,11,41610-A,3室1卫,1/6层,通州区,物资学院路,新建村小区,地铁：距6号线物资学院路站550米
,,,,,,,,
2350,9,3925-A,3室1卫,7/29层,朝阳区,青年路,金隅泰和园,地铁：距6号线青年路站1250米
1260,9,42650-A,3室1卫,4/11层,房山区,良乡大学城,东羊庄新村,地铁：距房山线良乡大学城站1200米
3290,21,42861-B,4室1卫,5/6层,朝阳区,传媒大学,定福庄西街,地铁：距八通线传媒大学站350米
2430,16,45193-B,2室1卫,4/6层,通州区,梨园,葛布店东里,地铁：距八通线梨园站700米
2390,13,46645-B,4室1卫,2/4层,朝阳区,小红门,恋日绿岛,地铁：距亦庄线小红门站1600米
2010,9,48071-B,3室1卫,9/22层,通州区,次渠南,次渠家园东里6区,地铁：距亦庄线次渠南站700米
1890,14,42193-D,4室1卫,3/6层,通州区,通州北关,北通集团家属楼,地铁：距6号线通州北关站1450米
2910,15,45355-A,4室1卫,1/20层,朝阳区,褡裢坡,福盈家园2号院,地铁：距6号线褡裢坡站550米
1520,12,51338-A,4室1卫,6/15层,房山区,良乡南关,嘉瑞通小区,地铁：距房山线良乡南关站150米
6900,58,52348-A,1室1卫,11/21层,东城区,广渠门外,领行国际,"地铁：距7号线,17号线广渠门外站600米"
2400,26,56496-D,5室2卫,9/9层,通州区,果园,世纪星城,地铁：距八通线果园站950米
1410,12,58817-A,5室1卫,1/7层,房山区,良乡大学城西,伟业嘉园西里,地铁：距房山线良乡大学城西站1050米
1780,11,60379-C,4室1卫,11/25层,大兴区,黄村西大街,兴政东里,地铁：距4号线大兴线黄村西大街站1000米
1940,20,47731-D,4室2卫,5/6层,昌平区,天通苑北,名佳花园一区,地铁：距5号线天通苑北站2500米
2130,11,62004-B,3室1卫,4/14层,丰台区,四环路,银地家园,地铁：距房山线四环路站1450米
3210,7,559-A,3室1卫,5/6层,朝阳区,三元桥,静安里,"地铁：距10号线,12号线,机场线三元桥站900米"
2680,13,67664-A,5室1卫,2/22层,丰台区,方庄,紫芳园四区,地铁：距14号线东段方庄站500米
2520,11,75060-A,5室1卫,2/11层,丰台区,石榴庄,彩虹城三区,地铁：距10号线石榴庄站950米
1860,9,77342-B,6室2卫,3/29层,大兴区,天宫院,保利春天里二区,地铁：距4号线大兴线天宫院站150米
2740,16,117598-C,3室1卫,2/6层,丰台区,丽泽商务区,三路居99号院,"地铁：距7号线,16号线达官营站1850米"
2520,10,1089-B,5室2卫,6/15层,丰台区,石榴庄,彩虹城二区,地铁：距10号线石榴庄站900米
1330,12,132232-A,4室1卫,4/6层,房山区,广阳城,张家场周转房,地铁：距房山线广阳城站1200米
1870,8,134976-B,2室1卫,3/6层,大兴区,黄村西大街,兴政西里,地铁：距4号线大兴线黄村西大街站400米
4660,60,137926-A,2室1卫,5/7层,通州区,通州北苑,通惠北路小区,地铁：距八通线通州北苑站1300米
2330,14,139837-C,4室1卫,4/6层,顺义区,国展,天竺花园,地铁：距15号线国展站1300米
3860,11,131622-A,3室1卫,5/22层,朝阳区,大望路,盛世嘉园,"地铁：距1号线,14号线东段大望路站500米"
1680,12,140597-C,3室1卫,3/6层,通州区,北运河西,光讯花园,地铁：距6号线北运河西站1450米
2280,10,142296-B,4室1卫,10/11层,朝阳区,孙河,康营小区23区,地铁：距15号线孙河站1300米
10010,114,145010-A,2室1卫,4/18层,朝阳区,青年路,华纺易城西区,地铁：距6号线青年路站900米
1930,7,145201-B,3室1卫,12/20层,通州区,梨园,梨园北街191号院,地铁：距八通线梨园站300米
2480,10,144344-D,4室1卫,11/34层,昌平区,天通苑,天通苑西二区,地铁：距5号线天通苑站500米
2270,9,146548-B,2室1卫,4/6层,通州区,北运河西,西上园三区,地铁：距6号线北运河西站900米
2660,16,13330-A,3室1卫,1/6层,朝阳区,常营,连心园西区,地铁：距6号线常营站800米
2280,12,144554-A,2室1卫,3/6层,通州区,北运河西,柳岸景园,地铁：距6号线北运河西站1300米
2960,16,1328-B,4室1卫,6/18层,朝阳区,肖村,中海城圣朝菲,地铁：距亦庄线肖村站600米
9660,113,151113-A,2室1卫,11/26层,朝阳区,十里河,嘉多丽园,"地铁：距10号线,14号线东段,17号线十里河站250米"
3420,21,157448-B,3室1卫,16/20层,昌平区,天通苑,天通苑西二区,地铁：距5号线天通苑站500米
2000,11,17386-A,4室1卫,8/28层,大兴区,生物医药基地,住总正华多彩嘉园,地铁：距4号线大兴线生物医药基地站400米
2260,9,17641-B,2室1卫,4/16层,顺义区,花梨坎,枫泉花园,地铁：距15号线花梨坎站700米
,,,,,,,,
2830,13,2140-C,3室1卫,8/18层,昌平区,回龙观东大街,紫金新干线四期,地铁：距8号线回龙观东大街站1400米
2590,13,2149-A,3室1卫,12/17层,丰台区,新宫,德鑫嘉园三期,"地铁：距4号线大兴线,19号线新宫站850米"
2340,10,19266-B,3室1卫,16/21层,丰台区,樊羊路,花香东苑,地铁：距房山线樊羊路站450米
2220,11,22438-C,3室1卫,5/6层,通州区,通州北苑,新华西街131号院,地铁：距八通线通州北苑站400米
1840,10,23830-A,4室1卫,4/17层,通州区,经海路,首开国风美仑,地铁：距亦庄线经海路站2550米
3130,18,264-A,3室1卫,19/25层,丰台区,方庄,芳城园一区,地铁：距14号线东段方庄站550米
1510,20,24639-A,3室1卫,4/7层,房山区,良乡大学城西,伟业嘉园西里,地铁：距房山线良乡大学城西站1050米
1470,8,25289-A,4室1卫,11/20层,门头沟区,小园,保利首开四季怡园,地铁：距S1线小园站950米
2550,14,2555-B,3室1卫,2/6层,朝阳区,黄渠,常营民族家园CDF区,地铁：距6号线黄渠站750米
2600,11,2546-C,3室1卫,5/20层,朝阳区,双桥,金隅康惠园,地铁：距八通线双桥站600米
1960,10,28815-A,4室1卫,5/20层,通州区,物资学院路,新地国际家园,地铁：距6号线物资学院路站3000米
2950,12,2853-A,3室1卫,4/18层,朝阳区,星火,姚家园东里7号院,"地铁：距3号线,20号线星火站800米"
